campaign_id,campaign_name,channel,launch_date,spend_usd,impressions,clicks,click_through_rate,conversions,revenue_usd
DEMO-0001,,paid_social,01/01/2025,,5520,5570,1.1957,3,360.0
DEMO-0002,Regional campaign 002,Email,2025-02-02,277,6648,93,0.014,4,526.3
DEMO-0003,Regional campaign 003,Display,2025-03-03,314,7850,126,0.0161,6,722.2
DEMO-0004,Enterprise campaign 004,Search,2025-04-04,2783,72358,1302,0.018,59,7514.1
DEMO-0005,Regional campaign 005,Paid Social,2025-05-05,388,10476,210,0.02,9,1202.8
DEMO-0006,Regional campaign 006,Email,2025-06-06,,11900,262,0.022,12,1487.5
DEMO-0007,Regional campaign 007,Display,2025-07-07,462,13398,322,0.024,14,1801.8
DEMO-0008,Enterprise campaign 008,Search,2025-08-08,3027,90810,2361,0.026,106,4540.5
DEMO-0009,Regional campaign 009,Paid Social,2025-09-09,536,16616,465,0.028,21,1018.4
DEMO-0010,Regional campaign 010,Email,2025-10-10,573,18336,220,0.012,10,1317.9
DEMO-0011,Regional campaign 011,Display,2025-11-11,,20130,282,0.014,13,1647.0
DEMO-0012,Enterprise campaign 012,Search,2025-12-12,3271,111214,1779,0.016,80,10140.1
DEMO-0013,Regional campaign 013,Paid Social,2025-01-13,264,9240,166,0.018,7,924.0
DEMO-0014,Regional campaign 014,Email,2025-02-14,301,6923,138,0.0199,6,1173.9
DEMO-0015,Regional campaign 015,Display,2025-03-15,338,8112,178,0.0219,8,507.0
DEMO-0016,Enterprise campaign 016,Search,2025-04-16,,87875,2109,0.024,95,6678.5
DEMO-0017,Regional campaign 017,Paid Social,2025-05-17,,10712,279,0.026,13,947.6
DEMO-0018,Regional campaign 018,Email,2025-06-18,449,12123,339,0.028,15,1212.3
DEMO-0019,Regional campaign 019,Display,2025-07-19,486,13608,163,0.012,7,1506.6
DEMO-0020,Enterprise campaign 020,Search,2025-08-20,3759,109011,1526,0.014,69,13156.5
DEMO-0021,Regional campaign 021,paid_social,2025-09-21,560,16800,269,0.016,12,2184.0
DEMO-0022,Regional campaign 022,Email,2025-10-22,,18507,333,0.018,15,895.5
DEMO-0023,Regional campaign 023,Display,2025-11-23,634,20288,406,0.02,18,1204.6
DEMO-0024,Enterprise campaign 024,Search,2025-12-24,4003,132099,2906,0.022,131,9206.9
DEMO-0025,Regional campaign 025,Paid Social,2025-01-25,288,9792,235,0.024,11,777.6
DEMO-0026,Regional campaign 026,Email,2025-02-26,325,11375,296,0.026,13,1007.5
DEMO-0027,Regional campaign 027,Display,2025-03-27,,8326,233,0.028,10,1267.0
DEMO-0028,Enterprise campaign 028,Search,2025-04-01,4247,101928,1223,0.012,55,16563.3
DEMO-0029,Regional campaign 029,Paid Social,2025-05-02,436,10900,153,0.014,7,654.0
DEMO-0030,Regional campaign 030,Email,06/03/2025,473,12298,197,0.016,9,898.7
DEMO-0031,Regional campaign 031,Display,2025-07-04,510,13770,248,0.018,11,1173.0
DEMO-0032,Enterprise campaign 032,Search,2025-08-05,,125748,2515,2.0,113,12125.7
DEMO-0033,Regional campaign 033,Paid Social,2025-09-06,,16936,373,0.022,17,1810.4
DEMO-0034,Regional campaign 034,Email,2025-10-07,621,18630,447,0.024,20,2173.5
DEMO-0035,Regional campaign 035,Display,2025-11-08,658,20398,530,0.026,24,2566.2
DEMO-0036,Enterprise campaign 036,Search,2025-12-09,4735,151520,4243,0.028,191,7102.5
DEMO-0037,Regional campaign 037,Paid Social,2025-01-10,312,10296,124,0.012,6,592.8
DEMO-0038,Regional campaign 038,Email,2025-02-11,,11866,166,0.014,7,802.7
DEMO-0039,Regional campaign 039,Display,2025-03-12,386,13510,216,0.016,10,1042.2
DEMO-0040,Enterprise campaign 040,Search,2025-04-13,4979,114517,2061,0.018,93,15434.9
DEMO-0041,Regional campaign 041,paid_social,2025-05-14,460,11040,221,0.02,10,1610.0
DEMO-0042,Regional campaign 042,Email,2025-06-15,497,12425,273,0.022,12,1938.3
DEMO-0043,Regional campaign 043,Display,2025-07-16,,13884,333,0.024,15,801.0
DEMO-0044,Enterprise campaign 044,Search,2025-08-17,2823,76221,1982,0.026,89,5363.7
DEMO-0045,Regional campaign 045,Paid Social,2025-09-18,608,17024,477,0.028,21,1398.4
DEMO-0046,Regional campaign 046,Email,2025-10-19,645,18705,224,0.012,10,1741.5
DEMO-0047,Regional campaign 047,Display,2025-11-20,262,7860,110,0.014,5,812.2
DEMO-0048,Enterprise campaign 048,Search,2025-12-21,,95077,1521,0.016,68,10734.5
DEMO-0049,Regional campaign 049,Paid Social,2025-01-22,,10752,194,0.018,9,1310.4
DEMO-0050,Regional campaign 050,Email,2025-02-23,373,12309,246,0.02,11,559.5
DEMO-0051,Regional campaign 051,Display,2025-03-24,410,13940,307,0.022,14,779.0
DEMO-0052,Enterprise campaign 052,Search,2025-04-25,3311,115885,2781,0.024,125,7615.3
DEMO-0053,Regional campaign 053,Paid Social,2025-05-26,484,11132,289,0.026,13,1306.8
DEMO-0054,,Email,2025-06-27,,12504,350,0.028,16,1615.1
DEMO-0055,Regional campaign 055,Display,2025-07-01,558,13950,167,0.012,8,1953.0
DEMO-0056,Enterprise campaign 056,Search,2025-08-02,3555,92430,1294,0.014,58,13864.5
DEMO-0057,Regional campaign 057,Paid Social,2025-09-03,632,17064,273,0.016,12,948.0
DEMO-0058,Regional campaign 058,Email,2025-10-04,249,6972,125,0.0179,6,473.1
DEMO-0059,Regional campaign 059,Display,11/05/2025,,8294,166,0.02,7,657.8
DEMO-0060,Enterprise campaign 060,Search,2025-12-06,3799,113970,2507,0.022,113,10257.3
DEMO-0061,Regional campaign 061,paid_social,2025-01-07,360,11160,268,0.024,12,1116.0
DEMO-0062,Regional campaign 062,Email,2025-02-08,397,12704,330,0.026,15,1389.5
DEMO-0063,Regional campaign 063,Display,2025-03-09,434,14322,401,2.7999,18,1692.6
DEMO-0064,Enterprise campaign 064,Search,2025-04-10,,137462,1650,0.012,74,6064.5
DEMO-0065,Regional campaign 065,Paid Social,2025-05-11,,17780,249,0.014,11,965.2
DEMO-0066,Regional campaign 066,Email,2025-06-12,545,12535,201,0.016,9,1253.5
DEMO-0067,Regional campaign 067,Display,2025-07-13,582,13968,251,0.018,11,1571.4
DEMO-0068,Enterprise campaign 068,Search,2025-08-14,4287,107175,2144,0.02,96,13289.7
DEMO-0069,Regional campaign 069,Paid Social,2025-09-15,656,17056,375,0.022,17,2296.0
DEMO-0070,Regional campaign 070,Email,2025-10-16,,7371,177,0.024,8,1064.7
DEMO-0071,Regional campaign 071,Display,2025-11-17,310,8680,226,0.026,10,465.0
DEMO-0072,Enterprise campaign 072,Search,2025-12-18,4531,131399,131449,0.028,166,8608.9
DEMO-0073,Regional campaign 073,Paid Social,2025-01-19,384,11520,138,0.012,6,883.2
DEMO-0074,Regional campaign 074,Email,2025-02-20,421,13051,183,0.014,8,1136.7
DEMO-0075,Regional campaign 075,Display,2025-03-21,,14656,234,0.016,11,1419.8
DEMO-0076,Enterprise campaign 076,Search,2025-04-22,4775,157575,2836,0.018,128,16712.5
DEMO-0077,Regional campaign 077,Paid Social,2025-05-23,532,18088,362,0.02,16,2074.8
DEMO-0078,Regional campaign 078,Email,2025-06-24,569,19915,438,0.022,20,853.5
DEMO-0079,Regional campaign 079,Display,2025-07-25,606,13938,335,0.024,15,1151.4
DEMO-0080,Enterprise campaign 080,Search,2025-08-26,,62856,1634,0.026,74,6023.7
DEMO-0081,Regional campaign 081,paid_social,2025-09-27,,6500,182,0.028,8,702.0
DEMO-0082,Regional campaign 082,Email,2025-10-01,297,7722,93,0.012,4,920.7
DEMO-0083,Regional campaign 083,Display,2025-11-02,334,9018,126,0.014,6,1169.0
DEMO-0084,Enterprise campaign 084,Search,2025-12-03,2863,80164,1283,0.016,58,11165.7
DEMO-0085,Regional campaign 085,Paid Social,2025-01-04,408,11832,213,0.018,10,612.0
DEMO-0086,Regional campaign 086,Email,2025-02-05,,13350,267,0.02,12,845.5
DEMO-0087,Regional campaign 087,Display,2025-03-06,482,14942,329,0.022,15,1108.6
DEMO-0088,Enterprise campaign 088,Search,04/07/2025,3107,99424,2386,0.024,107,8388.9
DEMO-0089,Regional campaign 089,Paid Social,2025-05-08,556,18348,477,0.026,21,1723.6
DEMO-0090,Regional campaign 090,Email,2025-06-09,593,20162,565,0.028,25,2075.5
DEMO-0091,Regional campaign 091,Display,2025-07-10,,22050,265,0.012,12,2457.0
DEMO-0092,Enterprise campaign 092,Search,2025-08-11,3351,77073,1079,0.014,49,5026.5
DEMO-0093,Regional campaign 093,Paid Social,2025-09-12,284,6816,109,0.016,5,539.6
DEMO-0094,Regional campaign 094,Email,2025-10-13,321,8025,144,1.7944,6,738.3
DEMO-0095,Regional campaign 095,Display,2025-11-14,358,9308,186,0.02,8,966.6
DEMO-0096,Enterprise campaign 096,Search,2025-12-15,,97065,2135,0.022,96,11144.5
DEMO-0097,Regional campaign 097,Paid Social,2025-01-16,,12096,290,0.024,13,1512.0
DEMO-0098,Regional campaign 098,Email,2025-02-17,469,13601,354,0.026,16,1829.1
DEMO-0099,Regional campaign 099,Display,2025-03-18,506,15180,425,0.028,19,759.0
DEMO-0100,Enterprise campaign 100,Search,2025-04-19,3839,119009,1428,0.012,64,7294.1
DEMO-0101,Regional campaign 101,paid_social,2025-05-20,580,18560,260,0.014,12,1334.0
DEMO-0102,Regional campaign 102,Email,2025-06-21,,20361,326,0.016,15,1665.9
DEMO-0103,Regional campaign 103,Display,2025-07-22,654,22236,400,0.018,18,2027.4
DEMO-0104,Enterprise campaign 104,Search,2025-08-23,4083,142905,2858,0.02,129,14290.5
DEMO-0105,Regional campaign 105,Paid Social,2025-09-24,308,7084,156,0.022,7,1201.2
DEMO-0106,Regional campaign 106,Email,2025-10-25,345,8280,199,0.024,9,517.5
DEMO-0107,,Display,2025-11-26,,9550,248,0.026,11,725.8
DEMO-0108,Enterprise campaign 108,Search,2025-12-27,4327,112502,3150,0.028,142,9952.1
DEMO-0109,Regional campaign 109,Paid Social,2025-01-01,456,12312,148,0.012,7,1231.2
DEMO-0110,Regional campaign 110,Email,2025-02-02,493,13804,193,0.014,9,1528.3
DEMO-0111,Regional campaign 111,Display,2025-03-03,530,15370,246,0.016,11,1855.0
DEMO-0112,Enterprise campaign 112,Search,2025-04-04,,137130,2468,0.018,111,17826.9
DEMO-0113,Regional campaign 113,Paid Social,2025-05-05,,18724,374,0.02,17,906.0
DEMO-0114,Regional campaign 114,Email,2025-06-06,641,20512,451,0.022,20,1217.9
DEMO-0115,Regional campaign 115,Display,2025-07-07,258,8514,204,0.024,9,593.4
DEMO-0116,Enterprise campaign 116,Search,2025-08-08,4815,163710,4256,0.026,192,13000.5
DEMO-0117,Regional campaign 117,Paid Social,09/09/2025,332,11620,325,0.028,15,1029.2
DEMO-0118,Regional campaign 118,Email,2025-10-10,,8487,102,0.012,5,1291.5
DEMO-0119,Regional campaign 119,Display,2025-11-11,406,9744,136,0.014,6,1583.4
DEMO-0120,Enterprise campaign 120,Search,2025-12-12,2659,66475,1064,0.016,48,3988.5
DEMO-0121,Regional campaign 121,paid_social,2025-01-13,480,12480,225,0.018,10,912.0
DEMO-0122,Regional campaign 122,Email,2025-02-14,517,13959,279,0.02,13,1189.1
DEMO-0123,Regional campaign 123,Display,2025-03-15,,15512,341,0.022,15,1495.8
DEMO-0124,Enterprise campaign 124,Search,2025-04-16,2903,84187,2020,0.024,91,8999.3
DEMO-0125,Regional campaign 125,Paid Social,2025-05-17,628,18840,490,2.6008,22,2198.0
DEMO-0126,Regional campaign 126,Email,2025-06-18,245,7595,213,0.028,10,955.5
DEMO-0127,Regional campaign 127,Display,2025-07-19,282,9024,108,0.012,5,423.0
DEMO-0128,Enterprise campaign 128,Search,2025-08-20,,103851,1454,0.014,65,5979.3
DEMO-0129,Regional campaign 129,Paid Social,2025-09-21,,12104,194,0.016,9,818.8
DEMO-0130,Regional campaign 130,Email,2025-10-22,393,13755,248,0.018,11,1061.1
DEMO-0131,Regional campaign 131,Display,2025-11-23,430,9890,198,0.02,9,1333.0
DEMO-0132,Enterprise campaign 132,Search,2025-12-24,3391,81384,1790,0.022,81,11868.5
DEMO-0133,Regional campaign 133,Paid Social,2025-01-25,504,12600,302,0.024,14,1965.6
DEMO-0134,Regional campaign 134,Email,2025-02-26,,14066,366,0.026,16,811.5
DEMO-0135,Regional campaign 135,Display,2025-03-27,578,15606,437,0.028,20,1098.2
DEMO-0136,Enterprise campaign 136,Search,2025-04-01,3635,101780,1221,0.012,55,8360.5
DEMO-0137,Regional campaign 137,Paid Social,2025-05-02,652,18908,265,0.014,12,1760.4
DEMO-0138,Regional campaign 138,Email,2025-06-03,269,8070,129,0.016,6,833.9
DEMO-0139,Regional campaign 139,Display,2025-07-04,,9486,171,0.018,8,1071.0
DEMO-0140,Enterprise campaign 140,Search,2025-08-05,3879,124128,2483,0.02,112,15128.1
DEMO-0141,Regional campaign 141,paid_social,2025-09-06,380,12540,276,0.022,12,570.0
DEMO-0142,Regional campaign 142,Email,2025-10-07,417,14178,340,0.024,15,792.3
DEMO-0143,Regional campaign 143,Display,2025-11-08,454,15890,15940,0.026,19,1044.2
DEMO-0144,Enterprise campaign 144,Search,2025-12-09,,94829,2655,0.028,119,11132.1
DEMO-0145,Regional campaign 145,Paid Social,2025-01-10,,12672,152,0.012,7,1636.8
DEMO-0146,Regional campaign 146,Email,02/11/2025,565,14125,198,0.014,9,1977.5
DEMO-0147,Regional campaign 147,Display,2025-03-12,602,15652,250,0.016,11,2347.8
DEMO-0148,Enterprise campaign 148,Search,2025-04-13,4367,117909,2122,0.018,95,6550.5
DEMO-0149,Regional campaign 149,Paid Social,2025-05-14,256,7168,143,0.0199,6,486.4
DEMO-0150,Regional campaign 150,Email,2025-06-15,,8497,187,0.022,8,673.9
DEMO-0151,Regional campaign 151,Display,2025-07-16,330,9900,238,0.024,11,891.0
DEMO-0152,Enterprise campaign 152,Search,2025-08-17,4611,142941,3716,0.026,167,14294.1
DEMO-0153,Regional campaign 153,Paid Social,2025-09-18,404,12928,362,0.028,16,1414.0
DEMO-0154,Regional campaign 154,Email,2025-10-19,441,14553,175,0.012,8,1719.9
DEMO-0155,Regional campaign 155,Display,2025-11-20,,16252,228,0.014,10,717.0
DEMO-0156,Enterprise campaign 156,Search,2025-12-21,4855,169925,2719,1.6001,122,9224.5
DEMO-0157,Regional campaign 157,Paid Social,2025-01-22,552,12696,229,0.018,10,1269.6
DEMO-0158,Regional campaign 158,Email,2025-02-23,589,14136,283,0.02,13,1590.3
DEMO-0159,Regional campaign 159,Display,2025-03-24,626,15650,344,0.022,15,1940.6
DEMO-0160,,Search,2025-04-25,,70174,1684,0.024,76,9446.5
DEMO-0161,Regional campaign 161,paid_social,2025-05-26,,7560,197,0.0261,9,1092.0
DEMO-0162,Regional campaign 162,Email,2025-06-27,317,8876,249,0.0281,11,475.5
DEMO-0163,Regional campaign 163,Display,2025-07-01,354,10266,123,0.012,6,672.6
DEMO-0164,Enterprise campaign 164,Search,2025-08-02,2943,88290,1236,0.014,56,6768.9
DEMO-0165,Regional campaign 165,Paid Social,2025-09-03,428,13268,212,0.016,10,1155.6
DEMO-0166,Regional campaign 166,Email,2025-10-04,,14880,268,0.018,12,1441.5
DEMO-0167,Regional campaign 167,Display,2025-11-05,502,16566,331,0.02,15,1757.0
DEMO-0168,Enterprise campaign 168,Search,2025-12-06,3187,108358,2384,0.022,107,12429.3
DEMO-0169,Regional campaign 169,Paid Social,2025-01-07,576,20160,484,0.024,22,864.0
DEMO-0170,Regional campaign 170,Email,2025-02-08,613,14099,367,0.026,17,1164.7
DEMO-0171,Regional campaign 171,Display,2025-03-09,,15600,437,0.028,20,1495.0
DEMO-0172,Enterprise campaign 172,Search,2025-04-10,3431,85775,1029,0.012,46,9263.7
DEMO-0173,Regional campaign 173,Paid Social,2025-05-11,304,7904,111,0.014,5,942.4
DEMO-0174,Regional campaign 174,Email,2025-06-12,341,9207,147,0.016,7,1193.5
DEMO-0175,Regional campaign 175,Display,07/13/2025,378,10584,191,0.018,9,1474.2
DEMO-0176,Enterprise campaign 176,Search,2025-08-14,,106575,2132,0.02,96,5512.5
DEMO-0177,Regional campaign 177,Paid Social,2025-09-15,,13560,298,0.022,13,858.8
DEMO-0178,Regional campaign 178,Email,2025-10-16,489,15159,364,0.024,16,1124.7
DEMO-0179,Regional campaign 179,Display,2025-11-17,526,16832,438,0.026,20,1420.2
DEMO-0180,Enterprise campaign 180,Search,2025-12-18,3919,129327,3621,0.028,163,12148.9
DEMO-0181,Regional campaign 181,paid_social,2025-01-19,600,20400,245,0.012,11,2100.0
DEMO-0182,Regional campaign 182,Email,2025-02-20,,22295,312,0.014,14,2484.3
DEMO-0183,Regional campaign 183,Display,2025-03-21,254,5842,93,0.0159,4,381.0
DEMO-0184,Enterprise campaign 184,Search,2025-04-22,4163,99912,1798,0.018,81,7909.7
DEMO-0185,Regional campaign 185,Paid Social,2025-05-23,328,8200,164,0.02,7,754.4
DEMO-0186,Regional campaign 186,Email,2025-06-24,365,9490,209,0.022,9,985.5
DEMO-0187,Regional campaign 187,Display,2025-07-25,,10854,260,2.3954,12,1246.2
DEMO-0188,Enterprise campaign 188,Search,2025-08-26,4407,123396,3208,0.026,144,15424.5
DEMO-0189,Regional campaign 189,Paid Social,2025-09-27,476,13804,387,0.028,17,1856.4
DEMO-0190,Regional campaign 190,Email,2025-10-01,513,15390,185,0.012,8,769.5
DEMO-0191,Regional campaign 191,Display,2025-11-02,550,17050,239,0.014,11,1045.0
DEMO-0192,Enterprise campaign 192,Search,2025-12-03,,148832,2381,0.016,107,10697.3
DEMO-0193,Regional campaign 193,Paid Social,2025-01-04,,20592,371,0.018,17,1684.8
DEMO-0194,Regional campaign 194,Email,2025-02-05,241,8194,164,0.02,7,747.1
DEMO-0195,Regional campaign 195,Display,2025-03-06,278,9730,214,0.022,10,973.0
DEMO-0196,Enterprise campaign 196,Search,2025-04-07,4895,112585,2702,0.024,122,19090.5
DEMO-0197,Regional campaign 197,Paid Social,2025-05-08,352,8448,220,0.026,10,528.0
DEMO-0198,Regional campaign 198,Email,2025-06-09,,9725,272,0.028,12,739.1
DEMO-0199,Regional campaign 199,Display,2025-07-10,426,11076,133,0.012,6,979.8
DEMO-0200,Enterprise campaign 200,Search,2025-08-11,2739,73953,1035,0.014,47,7395.3
DEMO-0201,Regional campaign 201,paid_social,2025-09-12,500,14000,224,0.016,10,1550.0
DEMO-0202,Regional campaign 202,Email,2025-10-13,537,15573,280,0.018,13,1879.5
DEMO-0203,Regional campaign 203,Display,2025-11-14,,17220,344,0.02,15,2238.6
DEMO-0204,Enterprise campaign 204,Search,12/15/2025,2983,92473,2034,0.022,92,4474.5
DEMO-0205,Regional campaign 205,Paid Social,2025-01-16,648,20736,498,0.024,22,1231.2
DEMO-0206,Regional campaign 206,Email,2025-02-17,265,8745,227,0.026,10,609.5
DEMO-0207,Regional campaign 207,Display,2025-03-18,302,10268,288,0.028,13,815.4
DEMO-0208,Enterprise campaign 208,Search,2025-04-19,,112945,1355,0.012,61,10003.7
DEMO-0209,Regional campaign 209,Paid Social,2025-05-20,,8648,121,0.014,5,1316.0
DEMO-0210,Regional campaign 210,Email,2025-06-21,413,9912,159,0.016,7,1610.7
DEMO-0211,Regional campaign 211,Display,2025-07-22,450,11250,203,0.018,9,675.0
DEMO-0212,Enterprise campaign 212,Search,2025-08-23,3471,90246,1805,0.02,81,6594.9
DEMO-0213,,Paid Social,2025-09-24,524,14148,311,0.022,14,1205.2
DEMO-0214,Regional campaign 214,Email,2025-10-25,,15708,15758,0.024,17,1514.7
DEMO-0215,Regional campaign 215,Display,2025-11-26,598,17342,451,0.026,20,1853.8
DEMO-0216,Enterprise campaign 216,Search,2025-12-27,3715,111450,3121,0.028,140,13002.5
DEMO-0217,Regional campaign 217,Paid Social,2025-01-01,252,7812,94,0.012,4,982.8
DEMO-0218,Regional campaign 218,Email,2025-02-02,289,9248,129,1.3949,6,433.5
DEMO-0219,Regional campaign 219,Display,2025-03-03,,10758,172,0.016,8,619.4
DEMO-0220,Enterprise campaign 220,Search,2025-04-04,3959,134606,2423,0.018,109,9105.7
DEMO-0221,Regional campaign 221,paid_social,2025-05-05,400,14000,280,0.02,13,1080.0
DEMO-0222,Regional campaign 222,Email,2025-06-06,437,10051,221,0.022,10,1354.7
DEMO-0223,Regional campaign 223,Display,2025-07-07,474,11376,273,0.024,12,1659.0
DEMO-0224,Enterprise campaign 224,Search,2025-08-08,,105075,2732,0.026,123,16391.7
DEMO-0225,Regional campaign 225,Paid Social,2025-09-09,,14248,399,0.028,18,822.0
DEMO-0226,Regional campaign 226,Email,2025-10-10,585,15795,190,0.012,9,1111.5
DEMO-0227,Regional campaign 227,Display,2025-11-11,622,17416,244,0.014,11,1430.6
DEMO-0228,Enterprise campaign 228,Search,2025-12-12,4447,128963,2063,0.016,93,12006.9
DEMO-0229,Regional campaign 229,Paid Social,2025-01-13,276,8280,149,0.018,7,855.6
DEMO-0230,Regional campaign 230,Email,2025-02-14,,9703,194,0.02,9,1095.5
DEMO-0231,Regional campaign 231,Display,2025-03-15,350,11200,246,0.022,11,1365.0
DEMO-0232,Enterprise campaign 232,Search,2025-04-16,4691,154803,3715,0.024,167,7036.5
DEMO-0233,Regional campaign 233,Paid Social,05/17/2025,424,14416,375,0.026,17,805.6
DEMO-0234,Regional campaign 234,Email,2025-06-18,461,16135,452,0.028,20,1060.3
DEMO-0235,Regional campaign 235,Display,2025-07-19,,11454,137,0.012,6,1344.6
DEMO-0236,Enterprise campaign 236,Search,2025-08-20,4935,118440,1658,0.014,75,15298.5
DEMO-0237,Regional campaign 237,Paid Social,2025-09-21,572,14300,229,0.016,10,2002.0
DEMO-0238,Regional campaign 238,Email,2025-10-22,609,15834,285,0.018,13,2375.1
DEMO-0239,Regional campaign 239,Display,2025-11-23,646,17442,349,0.02,16,969.0
DEMO-0240,Enterprise campaign 240,Search,2025-12-24,,77812,1712,0.022,77,5280.1
DEMO-0241,Regional campaign 241,paid_social,2025-01-25,,8700,209,0.024,9,690.0
DEMO-0242,Regional campaign 242,Email,2025-02-26,337,10110,263,0.026,12,909.9
DEMO-0243,Regional campaign 243,Display,2025-03-27,374,11594,325,0.028,15,1159.4
DEMO-0244,Enterprise campaign 244,Search,2025-04-01,3023,96736,1161,0.012,52,10580.5
DEMO-0245,Regional campaign 245,Paid Social,2025-05-02,448,14784,207,0.014,9,1747.2
DEMO-0246,Regional campaign 246,Email,2025-06-03,,16490,264,0.016,12,727.5
DEMO-0247,Regional campaign 247,Display,2025-07-04,522,18270,329,0.018,15,991.8
DEMO-0248,Enterprise campaign 248,Search,2025-08-05,3267,75141,1503,0.02,68,7514.1
DEMO-0249,Regional campaign 249,Paid Social,2025-09-06,596,14304,315,2.2022,14,1609.2
DEMO-0250,Regional campaign 250,Email,2025-10-07,633,15825,380,0.024,17,1962.3
DEMO-0251,Regional campaign 251,Display,2025-11-08,,6500,169,0.026,8,875.0
DEMO-0252,Enterprise campaign 252,Search,2025-12-09,3511,94797,2654,0.028,119,13692.9
DEMO-0253,Regional campaign 253,Paid Social,2025-01-10,324,9072,109,0.012,5,486.0
DEMO-0254,Regional campaign 254,Email,2025-02-11,361,10469,147,0.014,7,685.9
DEMO-0255,Regional campaign 255,Display,2025-03-12,398,11940,191,0.016,9,915.4
DEMO-0256,Enterprise campaign 256,Search,2025-04-13,,116405,2095,0.018,94,10138.5
DEMO-0257,Regional campaign 257,Paid Social,2025-05-14,,15104,302,0.02,14,1463.2
DEMO-0258,Regional campaign 258,Email,2025-06-15,509,16797,370,0.022,17,1781.5
DEMO-0259,Regional campaign 259,Display,2025-07-16,546,18564,446,0.024,20,2129.4
DEMO-0260,Enterprise campaign 260,Search,2025-08-17,3999,139965,3639,0.026,164,5998.5
DEMO-0261,Regional campaign 261,paid_social,2025-09-18,620,14260,399,0.028,18,1178.0
DEMO-0262,Regional campaign 262,Email,10/19/2025,,15768,189,0.012,9,1511.1
DEMO-0263,Regional campaign 263,Display,2025-11-20,274,6850,96,0.014,4,739.8
DEMO-0264,Enterprise campaign 264,Search,2025-12-21,4243,110318,1765,0.016,79,13153.3
DEMO-0265,Regional campaign 265,Paid Social,2025-01-22,348,9396,169,0.018,8,1218.0
DEMO-0266,,Email,2025-02-23,385,10780,216,0.02,10,1501.5
DEMO-0267,Regional campaign 267,Display,2025-03-24,,12238,269,0.022,12,633.0
DEMO-0268,Enterprise campaign 268,Search,2025-04-25,4487,134610,3231,0.024,145,8525.3
DEMO-0269,Regional campaign 269,Paid Social,2025-05-26,496,15376,400,0.026,18,1140.8
DEMO-0270,Regional campaign 270,Email,2025-06-27,533,17056,478,0.028,22,1439.1
DEMO-0271,Regional campaign 271,Display,2025-07-01,570,18810,226,0.012,10,1767.0
DEMO-0272,Enterprise campaign 272,Search,2025-08-02,,160854,2252,0.014,101,16558.5
DEMO-0273,Regional campaign 273,Paid Social,2025-09-03,,22540,361,0.016,16,2511.6
DEMO-0274,Regional campaign 274,Email,2025-10-04,261,6003,108,0.018,5,391.5
DEMO-0275,Regional campaign 275,Display,2025-11-05,298,7152,143,0.02,6,566.2
DEMO-0276,Enterprise campaign 276,Search,2025-12-06,4975,124375,2736,0.022,123,11442.5
DEMO-0277,Regional campaign 277,Paid Social,2025-01-07,372,9672,232,0.024,10,1004.4
DEMO-0278,Regional campaign 278,Email,2025-02-08,,11043,287,0.026,13,1267.9
DEMO-0279,Regional campaign 279,Display,2025-03-09,446,12488,350,0.028,16,1561.0
DEMO-0280,Enterprise campaign 280,Search,2025-04-10,2819,81751,981,1.2,44,10994.1
DEMO-0281,Regional campaign 281,paid_social,2025-05-11,520,15600,218,0.014,10,780.0
DEMO-0282,Regional campaign 282,Email,2025-06-12,557,17267,276,0.016,12,1058.3
DEMO-0283,Regional campaign 283,Display,2025-07-13,,19008,342,0.018,15,1366.2
DEMO-0284,Enterprise campaign 284,Search,2025-08-14,3063,101079,2022,0.02,91,8270.1
DEMO-0285,Regional campaign 285,Paid Social,2025-09-15,248,8432,8482,0.0221,8,768.8
DEMO-0286,Regional campaign 286,Email,2025-10-16,285,9975,239,0.024,11,997.5
DEMO-0287,Regional campaign 287,Display,2025-11-17,322,7406,193,0.0261,9,1255.8
DEMO-0288,Enterprise campaign 288,Search,2025-12-18,,79368,2222,0.028,100,4960.5
DEMO-0289,Regional campaign 289,Paid Social,2025-01-19,,9900,119,0.012,5,752.4
DEMO-0290,Regional campaign 290,Email,2025-02-20,433,11258,158,0.014,7,995.9
DEMO-0291,Regional campaign 291,Display,03/21/2025,470,12690,203,0.016,9,1269.0
DEMO-0292,Enterprise campaign 292,Search,2025-04-22,3551,99428,1790,0.018,81,11008.1
DEMO-0293,Regional campaign 293,Paid Social,2025-05-23,544,15776,316,0.02,14,1904.0
DEMO-0294,Regional campaign 294,Email,2025-06-24,,17430,383,0.022,17,2265.9
DEMO-0295,Regional campaign 295,Display,2025-07-25,618,19158,460,0.024,21,927.0
DEMO-0296,Enterprise campaign 296,Search,2025-08-26,3795,121440,3157,0.026,142,7210.5
DEMO-0297,Regional campaign 297,Paid Social,2025-09-27,272,8976,251,0.028,11,625.6
DEMO-0298,Regional campaign 298,Email,2025-10-01,309,10506,126,0.012,6,834.3
DEMO-0299,Regional campaign 299,Display,2025-11-02,,12110,170,0.014,8,1072.6
DEMO-0300,Enterprise campaign 300,Search,2025-12-03,4039,92897,1486,0.016,67,14136.5
DEMO-0301,Regional campaign 301,paid_social,2025-01-04,420,10080,181,0.018,8,1638.0
DEMO-0302,Regional campaign 302,Email,2025-02-05,457,11425,228,0.02,10,685.5
DEMO-0303,Regional campaign 303,Display,2025-03-06,494,12844,283,0.022,13,938.6
DEMO-0304,Enterprise campaign 304,Search,2025-04-07,,115641,2775,0.024,125,9850.9
DEMO-0305,Regional campaign 305,Paid Social,2025-05-08,,15904,414,0.026,19,1533.6
DEMO-0306,Regional campaign 306,Email,2025-06-09,605,17545,491,0.028,22,1875.5
DEMO-0307,Regional campaign 307,Display,2025-07-10,642,19260,231,0.012,10,2247.0
DEMO-0308,Enterprise campaign 308,Search,2025-08-11,4527,140337,1965,0.014,88,17655.3
DEMO-0309,Regional campaign 309,Paid Social,2025-09-12,296,9472,152,0.016,7,444.0
DEMO-0310,Regional campaign 310,Email,2025-10-13,,10989,198,0.018,9,632.7
DEMO-0311,Regional campaign 311,Display,2025-11-14,370,12580,252,2.0032,11,851.0
DEMO-0312,Enterprise campaign 312,Search,2025-12-15,4771,166985,3674,0.022,165,12881.7
DEMO-0313,Regional campaign 313,Paid Social,2025-01-16,444,10212,245,0.024,11,1376.4
DEMO-0314,Regional campaign 314,Email,2025-02-17,481,11544,300,0.026,14,1683.5
DEMO-0315,Regional campaign 315,Display,2025-03-18,,12950,363,0.028,16,2020.2
DEMO-0316,Enterprise campaign 316,Search,2025-04-19,2615,67990,816,0.012,37,3922.5
DEMO-0317,Regional campaign 317,Paid Social,2025-05-20,592,15984,224,0.014,10,1124.8
DEMO-0318,Regional campaign 318,Email,2025-06-21,629,17612,282,0.016,13,1446.7
DEMO-0319,,Display,2025-07-22,246,7134,128,0.0179,6,664.2
DEMO-0320,Enterprise campaign 320,Search,08/23/2025,,85770,1715,0.02,77,8862.9
