patient_id,visit_date,department,age,sex,insurance_type,bmi,systolic_bp,diastolic_bp,heart_rate_bpm,glucose_mg_dl,hba1c_pct,cholesterol_mg_dl,length_of_stay_days,readmitted_30d
P100000,2025-07-04,Orthopedics,59,F,Medicare,32.5,145.0,100.0,70.0,75.0,4.5,261.0,4.6,0
P100001,2025-03-18,Cardiology,69,F,Private,38.1,165.0,113.0,85.0,102.0,5.0,225.0,4.0,0
P100002,2025-11-02,Endocrinology,25,F,Medicare,40.1,118.0,80.0,80.0,165.0,7.7,159.0,3.9,0
P100003,2025-12-03,Endocrinology,56,F,Medicare,34.7,144.0,98.0,71.0,85.0,3.9,,5.8,0
P100004,2025-02-25,Emergency,53,F,Private,28.1,136.0,75.0,91.0,99.0,,182.0,5.0,0
P100005,2026-05-25,Orthopedics,71,M,Medicare,26.9,165.0,92.0,78.0,191.0,7.6,258.0,14.1,1
P100006,2025-11-21,General Medicine,55,M,Private,31.1,149.0,90.0,84.0,91.0,,262.0,6.0,0
P100007,2026-06-23,Cardiology,63,F,Medicaid,37.8,140.0,87.0,95.0,87.0,5.2,220.0,5.2,0
P100008,2025-12-29,Cardiology,61,M,Private,30.3,141.0,86.0,92.0,91.0,,203.0,3.5,0
P100009,2025-01-06,General Medicine,71,M,Medicare,30.4,168.0,92.0,83.0,95.0,,,3.9,0
P100010,2025-04-23,Endocrinology,50,F,Private,28.3,148.0,98.0,73.0,168.0,7.3,176.0,4.1,0
P100011,2026-06-10,Emergency,79,M,Medicare,,141.0,100.0,60.0,113.0,,222.0,4.6,0
P100012,2025-10-30,Orthopedics,46,M,Private,27.2,135.0,92.0,78.0,119.0,6.0,221.0,3.9,0
P100013,2025-03-07,General Medicine,64,M,Medicaid,28.7,144.0,96.0,88.0,116.0,5.1,186.0,6.4,0
P100014,2025-02-10,Orthopedics,62,M,Medicare,38.1,,,83.0,94.0,4.7,193.0,8.5,0
P100015,2025-10-17,Emergency,95,F,Private,,139.0,82.0,38.0,90.0,,205.0,3.4,1
P100016,2025-11-17,General Medicine,45,F,Private,28.3,131.0,82.0,86.0,115.0,5.3,251.0,6.3,0
P100017,2025-05-14,General Medicine,66,M,Medicare,24.0,159.0,110.0,85.0,196.0,8.2,276.0,3.5,0
P100018,2025-04-16,Emergency,52,F,Private,31.9,140.0,85.0,74.0,94.0,4.9,212.0,5.4,0
P100019,2025-11-24,Endocrinology,40,F,Medicare,35.8,141.0,85.0,89.0,104.0,5.3,,2.9,1
P100020,2025-08-24,Emergency,68,M,Medicare,,,,86.0,82.0,,196.0,3.1,0
P100021,2025-01-20,Cardiology,35,F,Medicare,29.0,159.0,104.0,69.0,104.0,5.3,,5.8,0
P100022,2025-02-01,General Medicine,42,F,Medicare,31.0,,,91.0,262.0,11.0,186.0,8.8,1
P100023,2025-05-09,Orthopedics,56,M,Private,27.2,154.0,93.0,62.0,110.0,6.1,207.0,12.2,0
P100024,2025-11-01,General Medicine,71,F,Medicare,30.8,144.0,86.0,76.0,106.0,5.3,230.0,4.6,0
P100025,2025-06-12,General Medicine,67,F,Medicare,29.6,146.0,90.0,75.0,110.0,5.5,202.0,5.8,1
P100026,2025-01-09,General Medicine,59,M,Private,28.3,,,67.0,95.0,5.5,205.0,8.8,1
P100027,2026-05-10,Cardiology,31,F,Uninsured,28.7,124.0,73.0,80.0,87.0,4.4,,12.1,0
P100028,2026-01-10,Endocrinology,46,F,Private,30.4,138.0,92.0,91.0,119.0,5.3,196.0,4.1,0
P100029,2025-11-12,Endocrinology,49,F,Medicaid,26.6,148.0,92.0,89.0,209.0,9.0,193.0,3.1,0
P100030,2025-05-12,General Medicine,39,M,Uninsured,26.8,126.0,93.0,84.0,80.0,,,2.1,0
P100031,2026-01-18,General Medicine,28,F,Medicare,38.1,138.0,88.0,60.0,102.0,5.3,,1.4,0
P100032,2026-05-26,Endocrinology,57,F,Private,45.6,164.0,100.0,67.0,134.0,6.3,,3.6,0
P100033,2026-01-01,Emergency,68,F,Medicare,,134.0,87.0,76.0,203.0,8.2,220.0,4.7,1
P100034,2025-06-09,Endocrinology,48,F,Private,,147.0,89.0,74.0,194.0,8.4,226.0,7.8,0
P100035,2025-07-31,General Medicine,71,M,Medicare,,146.0,80.0,69.0,111.0,5.9,240.0,6.4,0
P100036,2026-05-17,General Medicine,34,F,Private,27.5,131.0,81.0,97.0,,4.3,178.0,3.6,0
P100037,2025-01-08,Cardiology,39,M,Medicare,32.9,,,79.0,81.0,4.4,173.0,5.6,0
P100038,2025-04-30,Orthopedics,56,F,Medicaid,31.1,141.0,78.0,83.0,195.0,8.3,177.0,5.1,1
P100039,2025-02-27,General Medicine,46,F,Private,28.9,143.0,88.0,87.0,153.0,6.7,198.0,4.1,0
P100040,2025-12-13,Cardiology,66,M,Medicare,30.8,168.0,90.0,77.0,82.0,,237.0,6.2,0
P100041,2025-09-05,Emergency,63,F,Medicare,24.7,149.0,90.0,104.0,102.0,5.3,195.0,2.8,1
P100042,2025-03-13,Orthopedics,47,F,Private,26.8,150.0,94.0,65.0,,,226.0,5.6,0
P100043,2026-05-24,Orthopedics,118,M,Private,27.9,120.0,77.0,69.0,144.0,,125.0,5.7,0
P100044,2025-10-25,Emergency,46,F,Private,21.1,132.0,80.0,64.0,,4.6,,1.7,0
P100045,2025-05-15,Emergency,63,M,Private,22.7,155.0,95.0,92.0,102.0,5.3,251.0,2.6,0
P100046,2026-05-26,Endocrinology,67,M,Medicare,22.9,134.0,79.0,83.0,94.0,4.7,210.0,9.4,1
P100047,2026-01-13,General Medicine,46,F,Medicare,32.1,152.0,94.0,71.0,84.0,,179.0,4.5,0
P100048,2025-03-12,General Medicine,28,F,Private,29.3,140.0,87.0,67.0,102.0,,,11.5,1
P100049,2026-03-23,Endocrinology,33,F,Private,31.3,138.0,81.0,92.0,103.0,5.9,103.0,7.2,1
P100050,2025-02-01,Endocrinology,61,F,Private,20.1,135.0,86.0,78.0,131.0,5.9,180.0,3.5,1
P100051,2026-05-05,Cardiology,47,F,Private,21.4,123.0,79.0,90.0,99.0,,240.0,6.4,0
P100052,2025-08-01,General Medicine,47,M,Medicare,31.6,161.0,98.0,76.0,150.0,7.1,188.0,8.5,1
P100053,2025-06-08,Orthopedics,38,F,Private,17.0,,,78.0,104.0,5.5,187.0,3.9,0
P100054,2025-01-29,Orthopedics,38,M,Medicare,34.9,144.0,88.0,81.0,96.0,,,2.7,0
P100055,2026-05-18,Endocrinology,71,F,Medicare,20.2,138.0,84.0,67.0,133.0,6.7,165.0,3.5,1
P100056,2025-10-30,Endocrinology,62,F,Medicare,32.6,149.0,89.0,76.0,93.0,,251.0,2.8,0
P100057,2025-11-25,General Medicine,44,F,Medicare,23.9,136.0,79.0,62.0,88.0,,,1.7,0
P100058,2026-04-05,General Medicine,55,M,Private,33.8,151.0,97.0,83.0,142.0,6.0,168.0,4.8,0
P100059,2025-10-02,Emergency,58,F,Private,49.9,168.0,98.0,91.0,80.0,4.7,,4.2,1
P100060,2025-06-06,Emergency,89,F,Medicare,18.6,,,84.0,212.0,8.9,224.0,3.1,0
P100061,2026-02-25,Emergency,37,M,Medicaid,31.7,121.0,73.0,84.0,92.0,,,1.9,0
P100062,2025-10-14,Emergency,58,M,Medicaid,,138.0,80.0,72.0,114.0,5.7,147.0,5.6,0
P100063,2025-05-09,Emergency,70,F,Medicare,30.2,131.0,71.0,94.0,134.0,6.4,,4.6,0
P100064,2026-04-02,General Medicine,85,M,Private,,150.0,90.0,86.0,78.0,4.3,242.0,16.7,1
P100065,2026-03-15,Cardiology,43,F,Private,28.7,132.0,88.0,91.0,111.0,5.8,223.0,5.4,0
P100066,2025-05-14,Cardiology,47,F,Medicare,23.8,141.0,89.0,91.0,195.0,8.3,234.0,14.7,1
P100067,2025-12-17,General Medicine,66,F,Medicare,32.2,172.0,114.0,76.0,83.0,,165.0,11.1,1
P100068,2026-05-13,Endocrinology,31,F,Medicare,21.6,106.0,73.0,78.0,161.0,7.4,201.0,5.2,1
P100069,2026-03-08,Cardiology,60,F,Medicaid,35.0,174.0,109.0,87.0,95.0,4.7,203.0,4.9,0
P100070,2025-04-18,Emergency,95,M,Medicare,,155.0,106.0,63.0,203.0,8.2,,4.7,1
P100071,2026-04-08,Cardiology,62,F,Medicare,21.8,144.0,89.0,62.0,175.0,7.4,206.0,5.8,1
P100072,2025-01-31,Emergency,23,M,Medicare,,120.0,76.0,65.0,86.0,,,2.8,0
P100073,2025-11-30,Orthopedics,40,M,Private,,147.0,91.0,75.0,110.0,5.4,106.0,3.4,0
P100074,2025-10-04,General Medicine,43,M,Medicaid,39.5,146.0,100.0,76.0,71.0,3.4,242.0,8.0,1
P100075,2025-01-20,General Medicine,76,M,Medicare,34.9,155.0,95.0,62.0,92.0,4.7,230.0,3.9,0
P100076,2026-01-28,Endocrinology,51,M,Medicare,24.3,116.0,70.0,77.0,91.0,5.2,160.0,8.2,0
P100077,2025-06-10,General Medicine,29,M,Medicare,27.6,132.0,86.0,75.0,236.0,9.7,213.0,4.4,0
P100078,2026-04-06,Cardiology,53,F,Medicaid,28.6,151.0,88.0,89.0,110.0,5.4,195.0,2.4,0
P100079,2026-04-20,Emergency,56,F,Medicare,36.9,147.0,94.0,101.0,106.0,5.7,,2.6,0
P100080,2025-11-15,Endocrinology,45,F,Private,30.3,153.0,96.0,82.0,164.0,7.6,,3.0,0
P100081,2025-12-05,Endocrinology,38,M,Medicaid,28.9,148.0,90.0,69.0,105.0,,,3.0,1
P100082,2025-01-29,Orthopedics,95,F,Medicare,27.0,151.0,97.0,83.0,102.0,,202.0,5.8,1
P100083,2026-04-26,General Medicine,71,M,Medicare,27.7,,,76.0,78.0,,182.0,5.4,0
P100084,2026-01-04,General Medicine,73,F,Medicare,35.4,156.0,97.0,76.0,73.0,,,6.5,0
P100085,2025-07-27,General Medicine,51,M,Private,28.0,141.0,85.0,67.0,107.0,6.2,202.0,8.3,0
P100086,2025-02-16,Cardiology,43,F,Medicare,26.1,137.0,102.0,70.0,94.0,,200.0,7.9,1
P100087,2025-09-30,General Medicine,46,F,Medicaid,,,,73.0,82.0,3.9,,3.6,0
P100088,2026-05-02,Endocrinology,34,F,Private,25.3,102.0,63.0,84.0,94.0,,179.0,3.3,0
P100089,2026-04-11,Endocrinology,88,F,,21.8,,,80.0,100.0,5.0,210.0,9.0,1
P100090,2025-02-23,Cardiology,52,F,Uninsured,,123.0,86.0,95.0,95.0,5.2,218.0,3.0,0
P100091,2026-02-16,Endocrinology,81,F,Medicare,36.7,177.0,105.0,86.0,79.0,4.8,172.0,5.9,0
P100092,2025-02-14,Endocrinology,47,F,Medicaid,27.0,155.0,91.0,80.0,246.0,10.2,213.0,10.1,1
P100093,2025-07-23,General Medicine,62,F,Private,31.8,157.0,99.0,74.0,127.0,6.0,189.0,4.3,0
P100094,2025-08-30,Cardiology,57,F,Uninsured,17.9,133.0,87.0,62.0,92.0,,238.0,2.6,0
P100095,2025-01-13,Cardiology,32,F,Private,,124.0,82.0,71.0,93.0,4.8,217.0,2.6,0
P100096,2025-03-16,General Medicine,92,F,Medicare,27.2,150.0,93.0,68.0,100.0,5.0,240.0,4.5,1
P100097,2026-04-21,Cardiology,47,F,Private,25.7,158.0,98.0,47.0,84.0,4.9,,2.9,0
P100098,2025-12-06,General Medicine,36,F,Medicaid,28.9,127.0,81.0,65.0,100.0,5.5,198.0,3.9,0
P100099,2026-03-01,Emergency,66,F,Medicaid,25.6,119.0,77.0,93.0,81.0,,177.0,3.9,0
P100100,2025-11-05,General Medicine,54,F,Medicare,19.1,146.0,93.0,77.0,95.0,,208.0,6.5,0
P100101,2025-08-31,Emergency,60,M,Medicare,33.1,164.0,107.0,73.0,198.0,7.8,138.0,2.4,1
P100102,2025-01-10,Cardiology,55,M,Private,29.3,161.0,99.0,81.0,84.0,4.5,160.0,4.9,0
P100103,2025-10-22,Cardiology,24,M,Medicare,26.5,139.0,82.0,54.0,159.0,6.9,234.0,2.7,0
P100104,2026-02-21,Orthopedics,40,F,Medicare,23.5,146.0,89.0,78.0,97.0,4.9,215.0,4.4,1
P100105,2025-04-21,Orthopedics,39,M,Private,,131.0,87.0,88.0,98.0,4.8,191.0,9.6,0
P100106,2025-09-23,Emergency,72,F,Medicare,29.2,127.0,69.0,75.0,74.0,4.2,188.0,5.1,1
P100107,2025-08-11,Cardiology,54,M,Medicaid,37.4,149.0,81.0,59.0,89.0,,175.0,8.2,0
P100108,2026-04-16,Orthopedics,63,M,Medicare,29.0,153.0,100.0,72.0,101.0,4.7,220.0,7.9,0
P100109,2025-03-30,Endocrinology,48,M,Medicaid,21.8,133.0,92.0,88.0,175.0,8.2,196.0,14.2,1
P100110,2025-02-26,Endocrinology,64,M,Private,29.2,145.0,82.0,79.0,165.0,7.0,263.0,7.9,1
P100111,2025-04-24,Cardiology,51,F,Medicare,27.7,130.0,82.0,60.0,98.0,5.1,202.0,13.7,0
P100112,2025-03-26,Emergency,50,M,Private,32.7,133.0,80.0,103.0,100.0,,209.0,2.6,0
P100113,2026-04-03,Cardiology,57,M,Private,31.2,166.0,100.0,63.0,110.0,5.8,166.0,6.0,0
P100114,2025-05-21,Emergency,55,F,Private,16.4,154.0,97.0,70.0,89.0,5.0,,4.9,0
P100115,2025-07-15,General Medicine,95,M,Medicare,30.9,161.0,91.0,65.0,162.0,7.4,233.0,9.5,1
P100116,2025-05-19,Orthopedics,40,F,,23.4,135.0,78.0,63.0,85.0,,191.0,8.2,1
P100117,2026-03-16,Orthopedics,31,M,Medicare,21.7,116.0,72.0,69.0,84.0,5.0,183.0,8.0,0
P100118,2025-12-25,Emergency,60,M,Private,27.1,151.0,92.0,83.0,172.0,7.8,222.0,4.1,1
P100119,2025-09-13,Cardiology,41,F,Private,30.1,157.0,90.0,91.0,66.0,,252.0,3.6,0
P100120,2026-03-08,Cardiology,23,M,Private,20.8,106.0,73.0,70.0,91.0,4.6,200.0,5.5,0
P100121,2025-02-08,General Medicine,37,F,Medicare,31.8,142.0,86.0,66.0,112.0,5.8,,3.7,0
P100122,2026-01-02,Endocrinology,95,M,Medicare,32.1,168.0,100.0,83.0,140.0,6.3,248.0,5.1,1
P100123,2025-07-15,Cardiology,39,M,,28.2,141.0,89.0,82.0,106.0,5.9,237.0,3.1,0
P100124,2025-07-24,Cardiology,28,M,Medicare,24.0,146.0,89.0,77.0,78.0,4.3,178.0,1.6,1
P100125,2025-03-27,Endocrinology,95,M,Medicare,23.5,,,78.0,114.0,5.6,221.0,7.5,1
P100126,2025-02-22,Cardiology,36,F,Medicaid,33.7,136.0,79.0,76.0,112.0,5.9,195.0,3.2,0
P100127,2026-01-10,Cardiology,95,F,Medicare,21.3,161.0,90.0,75.0,97.0,4.9,245.0,5.3,1
P100128,2026-04-05,Emergency,47,F,Private,33.9,144.0,87.0,76.0,97.0,5.1,232.0,5.7,1
P100129,2026-05-08,Endocrinology,92,F,,27.2,150.0,93.0,88.0,84.0,,230.0,8.0,0
P100130,2025-05-12,Emergency,49,F,Medicare,27.5,142.0,81.0,100.0,,9.2,235.0,2.2,1
P100131,2026-02-17,Emergency,62,F,Private,20.6,147.0,82.0,76.0,83.0,4.4,195.0,2.3,0
P100132,2025-03-02,Cardiology,51,F,Medicaid,27.3,142.0,89.0,76.0,109.0,,236.0,1.9,0
P100133,2026-02-25,Orthopedics,50,F,Private,31.3,,,80.0,126.0,6.0,240.0,8.2,0
P100134,2025-11-02,General Medicine,58,M,Medicare,22.0,134.0,75.0,67.0,101.0,,233.0,11.9,1
P100135,2026-04-11,General Medicine,63,F,Private,30.6,142.0,94.0,85.0,89.0,,218.0,5.8,0
P100136,2025-02-06,Cardiology,57,M,Private,28.5,134.0,80.0,81.0,157.0,6.5,233.0,3.1,0
P100137,2026-02-24,Cardiology,55,F,Private,24.9,143.0,96.0,70.0,77.0,,,3.9,0
P100138,2025-09-10,Cardiology,42,F,Medicare,32.7,145.0,90.0,87.0,113.0,5.9,210.0,2.7,0
P100139,2025-11-04,General Medicine,52,F,Private,18.8,145.0,91.0,73.0,,4.5,218.0,11.0,0
P100140,2025-10-19,Emergency,88,F,Medicare,,148.0,90.0,66.0,92.0,,182.0,4.8,0
P100141,2026-01-21,General Medicine,41,F,Medicare,37.5,137.0,69.0,83.0,,6.0,219.0,5.3,0
P100142,2025-11-20,Orthopedics,59,F,Uninsured,36.3,167.0,95.0,81.0,130.0,5.9,172.0,4.7,0
P100143,2025-08-13,Emergency,79,F,Medicare,30.0,152.0,93.0,87.0,94.0,,207.0,3.4,0
P100144,2025-08-24,General Medicine,63,F,Medicaid,26.5,145.0,92.0,85.0,92.0,,215.0,3.6,0
P100145,2025-02-08,Cardiology,73,M,Medicare,25.0,145.0,79.0,74.0,97.0,,194.0,6.2,1
P100146,2026-01-27,Emergency,36,F,Medicare,26.5,145.0,90.0,70.0,89.0,4.3,,1.3,1
P100147,2026-01-17,Endocrinology,59,M,Uninsured,30.9,,,77.0,90.0,4.7,214.0,9.1,0
P100148,2025-11-03,Cardiology,49,F,Medicare,24.2,,,79.0,101.0,,181.0,1.8,1
P100149,2026-01-25,General Medicine,49,M,,32.1,143.0,89.0,83.0,109.0,,225.0,4.2,0
P100150,2025-05-26,Emergency,85,M,Medicare,41.1,155.0,100.0,83.0,119.0,5.8,199.0,2.6,0
P100151,2025-05-01,Endocrinology,50,M,Private,27.7,161.0,105.0,75.0,,,281.0,7.8,0
P100152,2026-05-15,General Medicine,59,M,Medicare,22.0,,,85.0,109.0,5.9,208.0,2.6,1
P100153,2026-05-31,Cardiology,28,F,Medicare,22.0,121.0,82.0,67.0,84.0,,160.0,6.7,0
P100154,2026-04-06,Cardiology,92,M,Medicare,32.2,176.0,105.0,105.0,,9.0,195.0,4.3,1
P100155,2025-01-29,Cardiology,71,F,Medicaid,27.7,143.0,105.0,84.0,213.0,8.5,254.0,4.1,0
P100156,2025-10-24,Orthopedics,53,M,Private,32.8,160.0,91.0,65.0,100.0,,196.0,8.2,0
P100157,2026-02-02,Emergency,48,M,Private,25.4,153.0,91.0,77.0,171.0,7.8,,3.6,1
P100158,2025-01-21,Cardiology,65,F,Private,32.5,140.0,92.0,86.0,97.0,,242.0,2.7,0
P100159,2026-06-07,Endocrinology,78,M,Medicare,27.2,158.0,101.0,72.0,180.0,8.1,207.0,3.6,1
P100160,2026-03-02,Cardiology,92,F,Medicare,24.5,164.0,103.0,59.0,192.0,,247.0,6.3,1
P100161,2025-06-16,Cardiology,70,M,Medicare,26.1,176.0,111.0,64.0,109.0,,246.0,4.7,1
P100162,2025-10-01,General Medicine,55,M,Medicare,,130.0,69.0,80.0,,8.6,219.0,4.2,1
P100163,2026-05-08,General Medicine,74,F,Medicare,40.1,175.0,116.0,60.0,115.0,5.1,295.0,7.2,1
P100164,2026-04-06,General Medicine,69,M,Private,27.5,148.0,90.0,60.0,159.0,6.8,161.0,6.4,1
P100165,2026-03-23,General Medicine,55,M,Medicare,31.4,131.0,90.0,83.0,112.0,5.3,184.0,4.4,0
P100166,2026-06-16,General Medicine,69,F,,25.4,145.0,77.0,73.0,178.0,7.5,208.0,8.5,0
P100167,2026-02-06,Cardiology,68,F,Medicare,23.2,144.0,91.0,67.0,90.0,4.8,288.0,7.1,1
P100168,2026-05-21,Cardiology,53,F,Private,26.8,129.0,77.0,70.0,102.0,,266.0,5.8,1
P100169,2026-05-31,Emergency,45,M,Private,34.1,146.0,94.0,62.0,110.0,6.0,246.0,2.3,0
P100170,2025-01-11,Orthopedics,66,F,Medicare,25.5,155.0,97.0,81.0,83.0,,189.0,9.1,1
P100171,2025-12-20,Emergency,37,M,Medicaid,23.9,134.0,86.0,66.0,90.0,,180.0,2.5,0
P100172,2025-06-30,Emergency,34,M,Private,28.8,128.0,74.0,70.0,97.0,4.9,174.0,1.7,0
P100173,2025-09-25,General Medicine,60,F,Medicare,30.6,145.0,89.0,81.0,94.0,,548.0,11.4,0
P100174,2025-04-01,Emergency,66,F,Medicare,37.6,154.0,94.0,76.0,105.0,,262.0,8.4,0
P100175,2025-12-31,General Medicine,59,M,Medicare,29.8,,,69.0,126.0,5.4,204.0,3.4,1
P100176,2026-03-27,Cardiology,62,M,Private,31.4,160.0,104.0,55.0,101.0,,209.0,4.6,0
P100177,2025-08-11,Cardiology,24,F,Private,31.9,135.0,85.0,81.0,,4.9,,2.1,0
P100178,2026-01-13,Cardiology,65,F,Medicare,22.8,127.0,72.0,75.0,82.0,4.4,161.0,3.3,0
P100179,2025-06-25,Cardiology,85,F,Medicare,23.5,145.0,90.0,69.0,92.0,,225.0,11.9,0
P100180,2026-02-09,Endocrinology,71,M,Medicare,23.0,147.0,106.0,63.0,86.0,,182.0,4.9,0
P100181,2025-02-14,Orthopedics,70,F,Medicare,22.0,156.0,106.0,74.0,193.0,8.3,207.0,6.4,1
P100182,2026-04-21,Orthopedics,58,M,Private,32.3,161.0,81.0,83.0,101.0,5.5,192.0,2.7,0
P100183,2025-07-24,General Medicine,59,F,Private,29.5,164.0,101.0,78.0,91.0,,191.0,3.3,1
P100184,2025-09-30,Cardiology,51,M,Medicare,28.4,142.0,94.0,94.0,118.0,5.4,215.0,11.8,0
P100185,2026-03-10,Orthopedics,61,F,Private,17.6,,,81.0,88.0,4.3,220.0,3.2,0
P100186,2025-01-17,Endocrinology,37,F,Medicare,40.5,128.0,78.0,79.0,95.0,,195.0,5.5,1
P100187,2026-05-26,Cardiology,86,M,Medicare,23.8,157.0,95.0,83.0,103.0,5.4,236.0,2.7,1
P100188,2025-11-28,Endocrinology,40,M,Uninsured,40.5,133.0,87.0,80.0,147.0,6.9,175.0,2.1,1
P100189,2026-06-11,Endocrinology,71,F,Medicare,21.6,143.0,82.0,75.0,126.0,5.7,239.0,4.8,1
P100190,2025-10-25,Endocrinology,82,F,Medicare,24.2,184.0,118.0,89.0,236.0,9.1,215.0,8.7,1
P100191,2025-04-22,Orthopedics,71,F,Medicare,18.8,145.0,90.0,63.0,108.0,,201.0,5.5,1
P100192,2025-11-11,Orthopedics,95,F,Medicare,29.9,151.0,87.0,77.0,89.0,4.4,202.0,5.7,1
P100193,2025-11-05,General Medicine,25,F,Private,23.0,130.0,88.0,88.0,138.0,6.7,,6.1,0
P100194,2026-05-13,Cardiology,46,M,,23.1,129.0,72.0,78.0,106.0,,266.0,5.3,1
P100195,2025-11-07,Orthopedics,81,F,Medicare,21.9,138.0,12.0,70.0,113.0,5.2,219.0,3.1,1
P100196,2025-08-08,General Medicine,34,M,Medicare,32.2,160.0,94.0,58.0,78.0,,164.0,4.3,0
P100197,2025-04-06,Cardiology,41,F,Private,31.8,151.0,106.0,52.0,243.0,10.9,233.0,3.5,0
P100198,2025-06-26,General Medicine,64,F,Medicare,38.8,158.0,93.0,102.0,105.0,5.5,199.0,4.7,1
P100199,2025-11-11,General Medicine,55,M,Private,24.7,135.0,72.0,78.0,201.0,,219.0,3.9,0
P100200,2025-07-19,General Medicine,63,F,Uninsured,,143.0,85.0,70.0,101.0,5.3,194.0,5.2,0
P100201,2025-07-15,Cardiology,56,M,Private,22.2,155.0,98.0,78.0,108.0,,,6.2,1
P100202,2025-01-08,General Medicine,58,F,Medicare,26.4,146.0,95.0,65.0,90.0,,192.0,2.8,0
P100203,2026-05-24,Cardiology,42,M,Medicaid,25.5,101.0,79.0,72.0,,,249.0,3.1,0
P100204,2026-03-28,Cardiology,57,M,Private,30.4,171.0,113.0,66.0,84.0,,177.0,6.9,0
P100205,2025-05-18,Cardiology,47,M,Private,33.6,145.0,91.0,62.0,,5.3,197.0,7.1,1
P100206,2025-03-16,Emergency,49,F,Private,33.5,147.0,86.0,54.0,196.0,8.6,,3.0,0
P100207,2026-03-27,Endocrinology,70,F,Medicare,24.1,157.0,106.0,57.0,330.0,13.2,222.0,5.6,1
P100208,2026-03-28,Endocrinology,33,F,Medicare,33.5,142.0,86.0,89.0,88.0,4.1,273.0,2.8,0
P100209,2026-04-30,Endocrinology,21,M,Medicare,27.8,136.0,81.0,65.0,93.0,,,2.5,0
P100210,2025-10-23,Emergency,69,F,Medicare,26.4,142.0,86.0,81.0,93.0,,224.0,4.7,0
P100211,2026-02-02,General Medicine,57,F,Medicaid,24.6,127.0,72.0,86.0,117.0,5.7,272.0,3.2,0
P100212,2026-01-29,Emergency,82,F,Medicare,25.3,155.0,92.0,75.0,92.0,,173.0,3.0,1
P100213,2025-04-26,Endocrinology,41,F,Medicare,38.3,160.0,96.0,76.0,100.0,4.5,151.0,3.5,0
P100214,2025-10-10,Cardiology,52,F,Medicare,29.6,135.0,89.0,78.0,90.0,,183.0,8.9,0
P100215,2025-05-21,General Medicine,55,F,Private,28.9,135.0,82.0,72.0,196.0,8.4,236.0,3.0,0
P100216,2026-02-12,Endocrinology,44,F,Medicaid,26.7,150.0,85.0,89.0,188.0,7.5,153.0,4.1,1
P100217,2026-06-09,Orthopedics,39,M,Private,43.5,142.0,78.0,101.0,147.0,6.4,,3.7,1
P100218,2025-02-11,Emergency,70,F,Medicare,35.4,149.0,93.0,94.0,83.0,4.1,233.0,2.4,1
P100219,2025-02-10,General Medicine,32,F,Medicaid,24.6,126.0,80.0,51.0,98.0,5.0,,3.6,0
P100220,2025-05-23,Emergency,37,M,Private,26.7,133.0,80.0,71.0,108.0,5.5,,2.3,0
P100221,2025-03-05,General Medicine,51,M,Private,26.9,122.0,74.0,76.0,170.0,7.4,220.0,1.9,0
P100222,2025-01-05,Endocrinology,73,F,,28.7,144.0,92.0,81.0,115.0,5.9,261.0,7.0,1
P100223,2026-06-13,General Medicine,45,M,Medicare,24.7,138.0,94.0,56.0,138.0,,222.0,5.5,1
P100224,2025-11-11,Cardiology,43,M,Medicaid,30.3,141.0,83.0,58.0,93.0,5.2,190.0,4.5,0
P100225,2026-02-24,Orthopedics,50,M,Private,36.4,159.0,98.0,93.0,,6.5,171.0,7.0,1
P100226,2025-11-02,Cardiology,61,M,Private,22.1,160.0,104.0,68.0,91.0,,194.0,7.6,1
P100227,2026-02-08,Endocrinology,48,M,Private,22.9,152.0,89.0,58.0,,10.9,205.0,17.6,1
P100228,2026-01-06,General Medicine,76,F,Medicare,25.7,159.0,97.0,63.0,112.0,5.2,225.0,3.1,0
P100229,2025-03-28,Cardiology,77,F,Medicare,25.9,148.0,91.0,80.0,101.0,,151.0,11.2,0
P100230,2025-03-23,Cardiology,51,M,Uninsured,40.1,143.0,81.0,71.0,88.0,,201.0,8.0,0
P100231,2025-09-22,General Medicine,95,M,Medicare,33.5,163.0,101.0,80.0,240.0,9.4,229.0,7.0,1
P100232,2025-07-20,Cardiology,55,F,Private,33.2,152.0,94.0,67.0,87.0,,227.0,3.0,1
P100233,2026-03-31,General Medicine,76,F,Medicaid,26.7,159.0,101.0,56.0,101.0,4.5,271.0,4.6,1
P100234,2025-06-15,Endocrinology,60,M,Medicare,26.6,150.0,85.0,91.0,201.0,8.7,218.0,3.9,0
P100235,2025-06-27,Endocrinology,60,F,,21.6,138.0,86.0,78.0,81.0,4.0,183.0,4.8,0
P100236,2025-10-13,Cardiology,30,M,Private,32.2,143.0,97.0,74.0,98.0,4.9,140.0,6.2,0
P100237,2025-04-15,Orthopedics,36,F,Medicaid,30.6,150.0,105.0,71.0,95.0,,,8.9,0
P100238,2026-04-09,Emergency,49,M,,35.3,155.0,103.0,94.0,102.0,6.0,179.0,2.3,0
P100239,2025-01-06,Cardiology,77,M,Medicare,27.0,150.0,86.0,82.0,105.0,,247.0,4.7,0
P100240,2026-04-03,Emergency,60,M,Uninsured,27.3,134.0,87.0,88.0,143.0,6.6,257.0,2.4,0
P100241,2025-12-03,General Medicine,49,M,Private,28.9,131.0,79.0,70.0,93.0,,,3.1,0
P100242,2026-04-25,General Medicine,66,M,Medicare,32.9,143.0,90.0,78.0,202.0,8.4,232.0,8.7,0
P100243,2025-06-08,Orthopedics,76,M,Medicaid,21.5,149.0,87.0,78.0,86.0,,261.0,6.6,0
P100244,2026-05-02,Orthopedics,54,M,Private,32.0,150.0,82.0,71.0,81.0,,242.0,4.4,0
P100245,2026-04-12,Orthopedics,58,F,Private,27.9,128.0,78.0,75.0,,3.6,144.0,2.5,0
P100246,2025-09-04,General Medicine,55,M,Private,23.1,133.0,87.0,68.0,95.0,5.7,182.0,5.4,0
P100247,2025-06-03,General Medicine,53,F,Medicaid,19.2,137.0,87.0,78.0,87.0,,168.0,5.6,0
P100248,2025-04-17,Endocrinology,41,M,Private,27.3,126.0,82.0,61.0,177.0,7.4,220.0,1.8,0
P100249,2025-03-23,Cardiology,40,M,Medicare,36.3,147.0,92.0,85.0,214.0,8.9,216.0,2.3,0
P100250,2025-11-11,General Medicine,66,F,Private,,151.0,95.0,82.0,89.0,,,5.7,1
P100251,2026-06-03,Cardiology,76,F,Medicare,29.8,144.0,93.0,74.0,101.0,5.4,210.0,12.3,1
P100252,2025-11-02,Endocrinology,49,F,,39.9,,,85.0,242.0,9.5,233.0,8.6,1
P100253,2026-06-05,Cardiology,48,M,Private,27.8,143.0,89.0,72.0,101.0,,211.0,4.3,0
P100254,2026-02-13,Cardiology,27,F,Medicaid,33.2,125.0,89.0,70.0,234.0,9.6,,3.3,0
P100255,2026-01-05,General Medicine,25,F,Private,25.8,125.0,80.0,81.0,239.0,10.2,185.0,2.6,0
P100256,2026-01-27,General Medicine,83,M,Medicare,25.5,157.0,97.0,82.0,,,188.0,4.2,0
P100257,2026-05-17,General Medicine,42,M,Private,24.8,126.0,80.0,69.0,106.0,,203.0,3.9,1
P100258,2026-04-09,Cardiology,95,F,Medicare,19.3,134.0,82.0,67.0,97.0,,229.0,14.9,1
P100259,2025-03-29,General Medicine,44,F,Medicare,35.3,126.0,77.0,76.0,87.0,,224.0,3.8,0
P100260,2025-11-12,Endocrinology,30,M,Private,24.9,125.0,80.0,69.0,91.0,,221.0,4.2,0
P100261,2025-09-06,Orthopedics,56,M,Private,24.2,125.0,76.0,92.0,103.0,4.8,213.0,2.8,0
P100262,2026-04-20,General Medicine,69,M,Private,,140.0,86.0,78.0,198.0,7.9,251.0,7.0,1
P100263,2025-04-21,General Medicine,67,F,Medicare,27.0,165.0,96.0,76.0,94.0,,203.0,5.2,0
P100264,2026-03-19,General Medicine,72,F,Medicare,38.5,142.0,89.0,69.0,123.0,5.6,171.0,4.5,0
P100265,2025-09-16,Emergency,38,F,Private,40.8,141.0,91.0,88.0,95.0,4.9,217.0,5.6,1
P100266,2026-05-19,Orthopedics,82,M,Private,20.8,171.0,103.0,67.0,85.0,,226.0,4.2,1
P100267,2026-03-04,General Medicine,84,F,Medicare,26.3,157.0,85.0,68.0,76.0,4.3,,4.8,1
P100268,2025-07-06,General Medicine,85,F,Medicare,23.2,,,83.0,102.0,,,4.9,0
P100269,2026-04-02,Cardiology,59,M,Medicare,33.5,146.0,91.0,82.0,107.0,5.6,269.0,3.2,0
P100270,2025-04-12,Emergency,47,M,Private,,145.0,84.0,49.0,76.0,,229.0,7.0,0
P100271,2025-01-03,Endocrinology,46,M,Medicare,25.0,,,73.0,100.0,5.0,196.0,5.2,0
P100272,2025-10-01,Endocrinology,30,F,Uninsured,28.4,126.0,71.0,77.0,115.0,,,6.4,1
P100273,2025-07-30,Emergency,44,F,Private,25.7,127.0,86.0,72.0,103.0,5.0,239.0,4.5,0
P100274,2025-03-09,Orthopedics,21,F,Private,37.4,120.0,76.0,81.0,91.0,4.7,159.0,1.2,0
P100275,2026-06-21,Cardiology,28,F,Private,30.9,134.0,70.0,57.0,86.0,,270.0,5.1,0
P100276,2025-01-22,Cardiology,58,M,Medicare,31.6,,,46.0,97.0,5.1,191.0,4.3,0
P100277,2025-11-15,Cardiology,49,F,Private,17.3,126.0,77.0,62.0,197.0,8.7,262.0,1.9,1
P100278,2025-05-21,General Medicine,58,M,Uninsured,27.7,133.0,80.0,79.0,,,205.0,3.7,1
P100279,2025-06-09,Cardiology,68,M,Medicare,40.7,169.0,98.0,44.0,94.0,,,7.2,1
P100280,2025-04-24,Emergency,61,M,Medicare,,145.0,89.0,69.0,134.0,6.6,189.0,2.2,0
P100281,2025-07-30,Emergency,59,F,Medicaid,20.1,142.0,85.0,52.0,101.0,5.4,212.0,8.1,1
P100282,2025-12-27,General Medicine,52,F,Private,26.5,122.0,66.0,73.0,101.0,,234.0,3.3,0
P100283,2025-06-24,General Medicine,41,F,Medicaid,22.6,134.0,91.0,96.0,124.0,6.3,225.0,9.2,1
P100284,2026-01-25,Endocrinology,34,F,Private,38.1,128.0,79.0,77.0,156.0,7.5,236.0,2.3,0
P100285,2025-08-30,Cardiology,45,F,Medicare,29.3,,,75.0,101.0,5.3,190.0,3.7,0
P100286,2026-03-01,Orthopedics,52,F,Uninsured,24.4,162.0,93.0,84.0,89.0,,,4.3,0
P100287,2025-08-29,Cardiology,55,M,Medicaid,28.2,152.0,98.0,76.0,110.0,5.8,250.0,4.7,0
P100288,2025-07-17,Cardiology,72,F,Medicare,17.5,140.0,79.0,70.0,88.0,,,15.7,1
P100289,2025-10-01,Endocrinology,51,M,Private,23.0,172.0,105.0,85.0,257.0,10.3,226.0,10.7,0
P100290,2026-01-06,Cardiology,64,F,Medicaid,28.2,136.0,81.0,81.0,110.0,5.4,207.0,6.5,0
P100291,2025-09-08,General Medicine,31,F,Medicare,32.6,148.0,88.0,81.0,201.0,8.0,,4.2,1
P100292,2026-05-05,Orthopedics,59,F,Medicare,19.7,121.0,70.0,72.0,,5.9,214.0,5.0,0
P100293,2025-10-06,Orthopedics,57,F,Private,26.1,139.0,83.0,72.0,101.0,4.8,185.0,7.1,1
P100294,2025-06-09,General Medicine,82,F,Medicare,33.6,143.0,89.0,88.0,86.0,,214.0,9.5,1
P100295,2025-01-16,Emergency,49,M,Medicare,21.6,138.0,87.0,70.0,92.0,,212.0,2.0,0
P100296,2025-07-31,General Medicine,49,F,Private,29.2,141.0,83.0,90.0,108.0,5.4,204.0,11.2,1
P100297,2025-01-30,Emergency,68,F,Medicare,28.3,144.0,89.0,65.0,,,266.0,5.4,0
P100298,2025-01-20,General Medicine,35,M,Medicaid,38.1,153.0,100.0,95.0,,6.3,,3.1,0
P100299,2025-07-20,Endocrinology,58,F,Medicaid,26.9,136.0,75.0,81.0,135.0,6.3,220.0,4.7,0
P100300,2025-06-06,Emergency,34,M,Private,27.1,136.0,85.0,65.0,151.0,6.7,,2.0,0
P100301,2026-04-23,Endocrinology,94,F,Medicare,32.7,171.0,98.0,83.0,90.0,4.5,201.0,7.6,1
P100302,2026-01-30,Cardiology,46,M,Private,22.1,118.0,68.0,67.0,122.0,6.3,,2.8,0
P100303,2026-03-04,Endocrinology,34,F,Private,26.9,124.0,80.0,76.0,99.0,,168.0,4.1,0
P100304,2025-10-22,Endocrinology,45,F,Medicaid,25.8,137.0,82.0,70.0,136.0,6.3,209.0,5.1,0
P100305,2025-03-01,Endocrinology,58,M,Private,27.3,150.0,85.0,74.0,109.0,,223.0,8.8,1
P100306,2026-04-05,General Medicine,64,M,Private,32.6,165.0,109.0,88.0,92.0,,204.0,9.5,1
P100307,2025-09-25,Emergency,81,F,Medicare,,153.0,100.0,83.0,107.0,,189.0,6.2,0
P100308,2025-08-20,Endocrinology,43,M,Medicare,24.5,131.0,70.0,63.0,78.0,4.2,179.0,4.7,0
P100309,2025-11-23,General Medicine,69,F,Medicare,28.7,,,64.0,,5.3,199.0,4.1,0
P100310,2025-03-30,Endocrinology,28,F,Private,36.6,141.0,91.0,82.0,185.0,8.5,175.0,5.3,0
P100311,2025-09-17,Emergency,37,F,Private,24.1,128.0,79.0,79.0,113.0,5.7,,3.8,1
P100312,2025-11-24,Cardiology,32,M,Medicare,28.7,130.0,90.0,69.0,,4.3,,7.5,0
P100313,2026-01-12,Cardiology,40,F,Private,27.0,134.0,87.0,93.0,86.0,,186.0,6.0,0
P100314,2025-09-28,General Medicine,68,M,Medicare,27.7,153.0,96.0,85.0,,,219.0,7.8,0
P100315,2026-06-23,General Medicine,43,F,Uninsured,20.9,126.0,73.0,67.0,89.0,,226.0,10.0,0
P100316,2026-06-19,Orthopedics,46,M,Medicaid,36.1,136.0,88.0,70.0,93.0,,,7.5,0
P100317,2025-02-22,General Medicine,59,M,Medicaid,24.4,146.0,83.0,72.0,175.0,7.7,,3.0,0
P100318,2025-02-14,Orthopedics,63,F,Medicare,,116.0,82.0,74.0,195.0,8.3,173.0,12.1,1
P100319,2025-10-06,General Medicine,47,F,Medicaid,25.0,130.0,84.0,89.0,74.0,,244.0,5.0,1
P100320,2026-03-24,Cardiology,37,F,Private,25.0,120.0,71.0,86.0,82.0,,,5.5,0
P100321,2025-10-04,Cardiology,89,M,Medicare,34.8,175.0,111.0,78.0,141.0,6.7,224.0,10.2,1
P100322,2025-04-28,Cardiology,47,F,Medicare,33.5,138.0,99.0,85.0,225.0,,,14.1,1
P100323,2025-10-31,Endocrinology,48,M,Private,29.1,,,85.0,138.0,6.6,167.0,3.8,1
P100324,2026-05-25,General Medicine,50,F,Medicaid,32.1,143.0,92.0,78.0,,8.0,154.0,8.8,0
P100325,2025-04-01,Endocrinology,65,M,,26.6,139.0,84.0,80.0,115.0,5.4,190.0,4.2,0
P100326,2025-08-29,General Medicine,31,F,Uninsured,28.0,128.0,81.0,83.0,120.0,5.8,218.0,5.1,0
P100327,2025-12-11,General Medicine,95,F,Medicare,24.9,158.0,88.0,80.0,84.0,,197.0,3.8,1
P100328,2025-08-01,General Medicine,48,M,Medicare,32.9,138.0,86.0,69.0,99.0,,157.0,3.7,0
P100329,2025-01-24,General Medicine,66,F,Medicare,,140.0,87.0,68.0,85.0,,186.0,6.0,0
P100330,2025-12-28,Endocrinology,34,M,Private,36.6,129.0,92.0,75.0,190.0,8.0,188.0,6.0,1
P100331,2026-02-05,Endocrinology,57,F,Medicare,26.5,129.0,70.0,68.0,131.0,5.4,200.0,6.5,1
P100332,2025-12-20,General Medicine,95,F,Medicare,28.1,160.0,96.0,60.0,91.0,,224.0,9.5,1
P100333,2025-12-25,General Medicine,90,M,Uninsured,32.1,163.0,108.0,85.0,93.0,4.6,259.0,5.2,0
P100334,2025-12-21,Endocrinology,65,M,Medicare,28.1,131.0,80.0,80.0,120.0,5.7,254.0,5.1,0
P100335,2025-06-28,Endocrinology,39,M,Private,26.5,143.0,87.0,61.0,,8.1,267.0,4.4,1
P100336,2025-01-09,General Medicine,79,F,Medicare,27.8,160.0,93.0,73.0,128.0,6.0,169.0,5.1,1
P100337,2026-06-19,General Medicine,28,F,Medicare,32.9,145.0,84.0,75.0,91.0,,,2.5,0
P100338,2025-04-21,Cardiology,39,F,Private,24.9,136.0,74.0,77.0,95.0,,225.0,4.8,0
P100339,2026-03-24,General Medicine,52,M,Private,27.4,147.0,87.0,64.0,158.0,6.6,194.0,7.5,1
P100340,2025-10-19,Emergency,29,F,Private,28.1,155.0,89.0,61.0,105.0,5.2,,1.3,0
P100341,2025-10-19,Cardiology,45,F,Private,32.7,138.0,87.0,83.0,109.0,,212.0,3.8,0
P100342,2025-01-12,Emergency,69,F,Medicare,27.5,136.0,80.0,59.0,80.0,,267.0,3.1,0
P100343,2026-06-19,Cardiology,42,F,Private,38.8,128.0,77.0,77.0,185.0,7.9,237.0,3.6,0
P100344,2025-10-13,General Medicine,70,F,Medicare,27.2,167.0,99.0,72.0,80.0,,250.0,7.2,0
P100345,2026-03-25,General Medicine,95,F,Medicare,26.8,177.0,107.0,74.0,110.0,4.8,215.0,8.9,0
P100346,2026-02-25,Cardiology,61,M,Medicare,,134.0,80.0,79.0,209.0,9.1,209.0,8.0,1
P100347,2025-03-16,Emergency,70,M,Medicare,22.1,136.0,78.0,92.0,90.0,,207.0,2.9,0
P100348,2026-05-27,General Medicine,80,F,Medicare,23.2,145.0,91.0,57.0,91.0,5.5,173.0,4.8,0
P100349,2025-11-16,Emergency,46,M,Private,25.4,150.0,99.0,85.0,96.0,,253.0,5.7,0
P100350,2025-04-10,Endocrinology,69,M,Medicare,11.2,,,50.0,128.0,,240.0,4.8,1
P100351,2025-11-10,Emergency,46,F,,27.8,,,91.0,86.0,4.6,195.0,3.1,0
P100352,2025-11-29,Emergency,60,F,Private,25.7,166.0,101.0,53.0,93.0,,,2.2,0
P100353,2025-12-19,General Medicine,73,F,Medicare,34.9,158.0,85.0,105.0,,6.9,198.0,5.6,0
P100354,2025-06-23,Endocrinology,40,F,Medicaid,37.0,148.0,90.0,74.0,194.0,8.4,144.0,6.8,0
P100355,2026-05-24,General Medicine,22,M,Medicaid,35.1,131.0,80.0,92.0,113.0,5.1,227.0,1.7,0
P100356,2025-05-08,General Medicine,39,M,Private,24.0,138.0,80.0,87.0,83.0,,162.0,5.9,0
P100357,2025-09-23,Emergency,77,F,Medicare,25.6,133.0,79.0,70.0,91.0,,213.0,7.0,0
P100358,2026-03-29,General Medicine,37,M,Medicare,38.8,133.0,81.0,75.0,101.0,,208.0,3.6,1
P100359,2025-02-11,Endocrinology,75,F,Medicare,29.2,153.0,100.0,67.0,161.0,7.2,231.0,6.2,0
P100360,2025-08-06,Cardiology,39,M,Private,26.7,109.0,77.0,84.0,118.0,6.0,230.0,2.0,0
P100361,2025-09-16,General Medicine,50,M,Medicaid,31.9,140.0,81.0,73.0,169.0,7.9,226.0,4.5,0
P100362,2026-02-22,Emergency,53,F,Medicare,33.6,141.0,85.0,69.0,101.0,5.2,226.0,2.4,0
P100363,2026-03-02,Cardiology,37,F,Medicare,25.3,129.0,78.0,81.0,96.0,,176.0,4.3,0
P100364,2026-03-07,Orthopedics,50,M,Private,,135.0,89.0,66.0,105.0,,217.0,4.0,1
P100365,2025-07-13,Emergency,30,M,Private,33.1,124.0,79.0,74.0,104.0,5.7,,1.7,0
P100366,2025-09-23,Cardiology,48,F,Private,22.7,115.0,74.0,76.0,94.0,5.1,257.0,3.7,0
P100367,2025-01-15,Cardiology,52,F,Medicare,28.1,142.0,92.0,69.0,174.0,8.0,164.0,4.9,0
P100368,2026-03-21,General Medicine,22,F,Private,22.9,121.0,73.0,69.0,119.0,5.6,,4.6,0
P100369,2025-06-13,General Medicine,39,M,Medicaid,23.5,117.0,82.0,92.0,103.0,5.1,160.0,8.0,0
P100370,2025-09-10,Cardiology,59,M,Medicaid,25.3,142.0,88.0,73.0,184.0,8.0,188.0,9.6,1
P100371,2026-01-04,Emergency,35,M,Medicare,30.5,132.0,78.0,73.0,105.0,,201.0,4.6,0
P100372,2026-02-24,General Medicine,62,M,Private,26.4,139.0,85.0,74.0,172.0,8.0,196.0,9.1,1
P100373,2025-02-16,Emergency,64,M,Private,,120.0,83.0,80.0,91.0,4.0,250.0,9.0,0
P100374,2026-02-19,Emergency,59,M,Private,28.3,151.0,91.0,65.0,93.0,4.9,219.0,2.8,0
P100375,2025-07-23,Orthopedics,69,F,,22.8,130.0,87.0,79.0,94.0,,201.0,2.9,0
P100376,2025-08-14,General Medicine,29,M,Medicaid,30.2,134.0,80.0,79.0,110.0,5.0,194.0,1.3,0
P100377,2025-03-13,Endocrinology,74,F,Medicare,34.3,146.0,86.0,58.0,174.0,7.9,257.0,14.8,1
P100378,2026-01-23,General Medicine,37,F,Medicaid,27.6,130.0,85.0,96.0,137.0,6.1,231.0,4.5,1
P100379,2025-09-15,Cardiology,56,M,Private,27.0,154.0,90.0,92.0,90.0,,174.0,4.6,1
P100380,2025-02-26,General Medicine,94,M,Medicare,,166.0,106.0,68.0,103.0,5.9,206.0,7.0,1
P100381,2025-03-18,Cardiology,47,M,Private,19.4,145.0,92.0,61.0,103.0,,,4.4,0
P100382,2026-01-25,General Medicine,54,F,Medicare,30.8,,,79.0,86.0,,,7.7,1
P100383,2025-02-28,Cardiology,37,M,Private,48.9,155.0,95.0,67.0,82.0,,168.0,5.2,1
P100384,2025-10-09,Endocrinology,93,F,Medicare,27.4,138.0,83.0,91.0,194.0,8.3,251.0,8.2,1
P100385,2026-01-12,Endocrinology,39,F,Medicaid,27.4,131.0,84.0,71.0,134.0,7.0,174.0,3.0,0
P100386,2026-05-08,General Medicine,66,F,Medicare,32.0,147.0,102.0,95.0,78.0,,256.0,2.9,1
P100387,2025-03-27,Orthopedics,80,M,Private,37.7,173.0,103.0,70.0,88.0,,238.0,8.9,1
P100388,2025-06-09,Cardiology,68,F,Medicare,33.4,146.0,94.0,76.0,102.0,4.7,179.0,6.4,0
P100389,2025-03-25,Emergency,60,M,Medicare,19.0,140.0,87.0,87.0,96.0,5.2,195.0,4.6,0
P100390,2026-04-21,Emergency,55,F,Private,31.0,147.0,91.0,73.0,112.0,5.5,192.0,4.0,0
P100391,2025-11-16,Endocrinology,34,F,Private,44.5,,,84.0,80.0,,205.0,4.7,0
P100392,2026-06-15,General Medicine,92,M,Medicare,31.3,159.0,92.0,89.0,167.0,7.6,220.0,7.9,1
P100393,2025-01-24,General Medicine,59,F,,22.7,149.0,94.0,68.0,79.0,,175.0,3.4,0
P100394,2026-01-17,Cardiology,54,M,Medicare,29.5,124.0,76.0,63.0,74.0,,165.0,10.6,1
P100395,2025-01-18,General Medicine,36,M,,22.2,112.0,66.0,58.0,95.0,,,6.6,0
P100396,2025-02-28,Cardiology,55,F,,35.0,122.0,83.0,85.0,150.0,6.6,219.0,8.5,0
P100397,2025-08-21,Emergency,53,M,Private,,,,79.0,,5.2,212.0,2.0,0
P100398,2025-07-18,Emergency,94,M,Private,,166.0,100.0,88.0,95.0,4.8,236.0,3.5,1
P100399,2025-07-17,Emergency,54,M,Private,24.0,149.0,100.0,72.0,188.0,8.0,189.0,3.0,0
P100400,2025-02-06,General Medicine,55,M,Private,25.4,133.0,72.0,59.0,357.0,13.9,216.0,3.5,0
P100401,2025-10-22,General Medicine,36,M,Medicaid,36.6,134.0,92.0,53.0,196.0,8.9,282.0,4.2,1
P100402,2025-07-03,Emergency,41,M,Medicaid,28.5,135.0,79.0,108.0,93.0,4.8,241.0,2.0,0
P100403,2026-06-21,Endocrinology,64,F,Private,25.3,160.0,99.0,81.0,108.0,,205.0,5.8,1
P100404,2026-03-03,Cardiology,27,M,Medicare,22.8,145.0,86.0,76.0,94.0,5.5,180.0,1.4,0
P100405,2025-08-23,General Medicine,74,M,Medicare,20.0,153.0,89.0,77.0,85.0,4.3,127.0,3.8,1
P100406,2026-02-18,Endocrinology,75,M,Medicare,22.4,150.0,100.0,59.0,201.0,7.6,253.0,6.3,1
P100407,2025-11-08,Endocrinology,40,M,,28.6,,,67.0,94.0,,228.0,5.7,0
P100408,2025-09-25,Cardiology,60,F,Private,33.4,145.0,89.0,97.0,82.0,4.4,195.0,4.3,0
P100409,2026-05-12,General Medicine,81,M,Medicare,25.3,147.0,93.0,82.0,81.0,4.2,176.0,7.7,0
P100410,2025-11-14,Endocrinology,51,M,Private,37.1,146.0,91.0,70.0,149.0,6.6,171.0,6.7,0
P100411,2025-09-18,Cardiology,48,F,Private,24.6,126.0,90.0,61.0,,,221.0,13.5,0
P100412,2025-11-02,Cardiology,50,F,Medicaid,26.8,137.0,73.0,70.0,112.0,6.0,205.0,5.0,1
P100413,2026-02-26,Endocrinology,58,M,Medicaid,23.1,127.0,82.0,71.0,98.0,5.1,233.0,4.2,0
P100414,2026-02-05,Emergency,43,F,Private,33.5,152.0,89.0,100.0,96.0,5.4,207.0,4.7,1
P100415,2025-10-24,Endocrinology,47,M,Private,40.8,154.0,81.0,78.0,85.0,,237.0,2.4,0
P100416,2025-04-06,General Medicine,59,F,Private,,154.0,92.0,61.0,104.0,5.2,223.0,6.8,1
P100417,2025-12-11,Orthopedics,45,F,Medicare,26.3,119.0,86.0,75.0,96.0,,232.0,6.0,0
P100418,2025-08-21,Endocrinology,35,M,Medicare,35.2,160.0,94.0,81.0,156.0,7.3,134.0,2.2,0
P100419,2026-05-19,Emergency,26,M,Private,21.6,108.0,74.0,60.0,98.0,5.3,157.0,2.1,0
P100420,2026-05-06,General Medicine,54,M,Medicaid,31.0,131.0,89.0,81.0,147.0,7.1,198.0,5.4,0
P100421,2025-01-01,General Medicine,79,M,Medicare,34.9,151.0,93.0,91.0,173.0,7.6,255.0,5.1,1
P100422,2026-06-24,Cardiology,61,M,Medicare,28.4,159.0,98.0,78.0,196.0,8.5,273.0,2.4,0
P100423,2026-05-02,Cardiology,36,M,Medicare,30.9,139.0,76.0,68.0,129.0,6.3,196.0,5.7,1
P100424,2026-05-05,Emergency,41,M,Medicare,,141.0,83.0,73.0,96.0,4.8,184.0,2.0,0
P100425,2025-09-26,Orthopedics,48,M,Private,39.8,139.0,92.0,61.0,108.0,,144.0,3.2,0
P100426,2025-05-27,Emergency,95,M,Medicare,27.7,144.0,89.0,74.0,86.0,4.3,255.0,5.9,0
P100427,2025-11-24,Emergency,95,F,Medicare,25.4,169.0,105.0,79.0,146.0,6.6,210.0,8.6,0
P100428,2026-04-22,Cardiology,93,F,Medicare,23.7,164.0,101.0,65.0,95.0,5.2,322.0,3.1,0
P100429,2025-09-01,Orthopedics,56,M,Medicaid,33.4,161.0,112.0,99.0,86.0,5.1,187.0,3.2,1
P100430,2026-06-17,General Medicine,95,M,Medicare,21.9,159.0,95.0,83.0,193.0,7.9,295.0,3.7,1
P100431,2025-05-21,Orthopedics,42,M,Private,26.8,107.0,78.0,56.0,95.0,,228.0,11.0,0
P100432,2026-04-06,Cardiology,47,F,Private,28.5,125.0,80.0,57.0,89.0,4.6,173.0,1.7,0
P100433,2025-02-05,Endocrinology,72,M,Medicare,25.6,153.0,104.0,64.0,191.0,8.6,225.0,4.9,0
P100434,2026-03-30,Orthopedics,59,F,Private,29.4,141.0,80.0,94.0,95.0,4.7,236.0,5.9,0
P100435,2026-05-26,Orthopedics,60,M,Private,44.4,150.0,94.0,91.0,,,205.0,3.6,1
P100436,2026-01-15,General Medicine,26,M,Private,27.4,,,94.0,91.0,4.3,,1.1,0
P100437,2025-12-03,Endocrinology,38,M,Medicare,25.9,144.0,90.0,75.0,82.0,,228.0,3.9,0
P100438,2025-08-11,Endocrinology,53,M,Uninsured,,150.0,100.0,75.0,115.0,5.6,228.0,3.4,0
P100439,2026-04-17,Emergency,42,F,Private,29.2,143.0,91.0,63.0,87.0,,203.0,1.4,0
P100440,2025-03-10,General Medicine,33,F,Medicaid,36.3,132.0,90.0,82.0,85.0,4.5,162.0,6.6,0
P100441,2025-06-07,General Medicine,44,M,Private,28.8,140.0,83.0,74.0,93.0,5.3,202.0,2.5,0
P100442,2025-03-12,General Medicine,59,M,Medicare,26.8,128.0,76.0,73.0,104.0,,217.0,3.7,0
P100443,2025-05-31,General Medicine,68,F,Medicare,20.3,140.0,87.0,91.0,98.0,,156.0,4.0,0
P100444,2025-10-10,General Medicine,26,F,Medicare,20.9,97.0,63.0,72.0,90.0,,,6.3,0
P100445,2025-07-01,General Medicine,54,F,Medicare,20.1,119.0,74.0,88.0,90.0,4.8,206.0,5.1,0
P100446,2025-08-16,Emergency,52,F,Medicare,,139.0,81.0,59.0,290.0,12.0,167.0,5.6,0
P100447,2025-05-05,Emergency,58,F,Private,,165.0,108.0,104.0,70.0,4.2,200.0,2.3,0
P100448,2025-07-10,Emergency,36,F,Medicaid,35.1,120.0,74.0,74.0,105.0,,191.0,5.0,0
P100449,2025-09-26,General Medicine,36,M,Uninsured,,121.0,85.0,84.0,75.0,,263.0,3.3,0
P100450,2025-04-26,General Medicine,80,F,Medicare,26.8,154.0,95.0,85.0,80.0,4.7,228.0,3.9,0
P100451,2026-05-21,Orthopedics,20,F,Medicare,24.1,144.0,93.0,69.0,90.0,5.2,227.0,4.3,0
P100452,2026-04-30,Emergency,40,F,Medicaid,31.3,141.0,91.0,86.0,120.0,6.2,199.0,3.3,0
P100453,2026-04-19,General Medicine,47,F,Private,24.2,144.0,84.0,84.0,192.0,7.9,146.0,9.6,1
P100454,2025-01-01,General Medicine,48,M,Medicaid,23.4,132.0,85.0,67.0,155.0,7.5,228.0,5.0,0
P100455,2025-09-25,Orthopedics,42,F,Private,34.7,136.0,96.0,70.0,100.0,5.0,183.0,2.8,0
P100456,2026-03-06,General Medicine,63,M,Medicaid,29.8,148.0,93.0,77.0,76.0,4.0,203.0,5.1,0
P100457,2025-07-08,Orthopedics,61,M,Private,26.8,137.0,90.0,74.0,,8.9,179.0,10.8,1
P100458,2025-05-06,Endocrinology,51,F,Private,31.4,151.0,97.0,92.0,118.0,6.0,210.0,2.6,0
P100459,2025-11-27,General Medicine,43,M,Medicare,28.0,119.0,78.0,84.0,87.0,4.8,238.0,5.9,0
P100460,2025-01-02,General Medicine,50,M,Medicare,30.0,151.0,94.0,76.0,98.0,,237.0,2.0,0
P100461,2025-11-27,Cardiology,55,F,Medicaid,24.2,140.0,90.0,82.0,91.0,,261.0,9.4,0
P100462,2025-09-01,Emergency,41,F,,40.6,143.0,93.0,57.0,106.0,,259.0,2.3,0
P100463,2026-01-05,General Medicine,65,M,Medicare,,126.0,71.0,68.0,161.0,7.0,149.0,3.5,1
P100464,2026-01-04,Cardiology,74,M,Private,37.1,146.0,92.0,82.0,229.0,9.3,180.0,10.8,1
P100465,2025-10-17,Orthopedics,84,M,,27.1,,,88.0,161.0,7.4,165.0,5.6,0
P100466,2025-11-12,Orthopedics,83,M,Private,32.4,155.0,93.0,80.0,107.0,5.3,243.0,5.7,0
P100467,2025-01-15,Orthopedics,48,F,Medicare,32.0,145.0,98.0,93.0,251.0,9.9,184.0,3.7,1
P100468,2026-06-14,General Medicine,56,M,Medicaid,34.4,138.0,81.0,87.0,226.0,9.8,195.0,4.0,1
P100469,2025-02-11,Emergency,51,F,Medicaid,24.1,137.0,77.0,69.0,98.0,4.9,201.0,4.3,0
P100470,2026-06-12,General Medicine,51,F,Private,34.0,130.0,86.0,76.0,94.0,5.4,220.0,6.1,0
P100471,2026-06-10,General Medicine,50,M,Private,39.0,149.0,84.0,84.0,89.0,,160.0,2.4,0
P100472,2026-01-23,Cardiology,54,M,Medicare,26.7,145.0,78.0,71.0,99.0,,169.0,7.8,0
P100473,2026-02-07,General Medicine,78,M,Medicare,28.2,155.0,101.0,93.0,215.0,8.9,220.0,3.6,1
P100474,2025-01-17,Orthopedics,60,F,Private,25.5,132.0,84.0,63.0,88.0,4.3,250.0,5.2,0
P100475,2026-05-28,General Medicine,35,F,Private,26.3,129.0,84.0,79.0,96.0,4.8,,3.0,0
P100476,2025-10-13,General Medicine,73,M,Medicare,38.1,163.0,97.0,87.0,93.0,,193.0,4.5,0
P100477,2025-07-03,Orthopedics,58,M,Private,,138.0,77.0,71.0,89.0,,142.0,4.4,0
P100478,2025-12-28,General Medicine,63,M,Medicare,23.6,139.0,79.0,69.0,113.0,5.3,244.0,6.0,0
P100479,2025-10-16,Endocrinology,59,M,Private,,172.0,103.0,78.0,150.0,6.2,,10.2,1
P100480,2025-07-15,Emergency,60,F,Medicare,31.3,136.0,77.0,86.0,92.0,4.2,175.0,3.7,0
P100481,2025-06-23,Orthopedics,61,F,Medicare,41.0,166.0,103.0,74.0,116.0,5.5,158.0,2.2,1
P100482,2025-03-05,Emergency,28,F,Medicaid,25.8,116.0,71.0,64.0,,6.1,,4.2,1
P100483,2026-05-06,Emergency,63,F,Private,28.6,153.0,95.0,89.0,85.0,,183.0,4.9,0
P100484,2025-12-26,Emergency,42,F,Private,24.9,142.0,89.0,79.0,92.0,,196.0,5.8,0
P100485,2025-06-05,Orthopedics,45,M,Private,28.7,133.0,85.0,87.0,82.0,4.5,167.0,2.4,0
P100486,2026-01-26,General Medicine,54,F,Private,20.3,123.0,80.0,82.0,,5.5,215.0,5.8,1
P100487,2026-01-10,Cardiology,89,F,Medicare,,137.0,84.0,101.0,169.0,8.1,217.0,6.4,1
P100488,2025-03-17,General Medicine,37,M,Medicaid,29.7,129.0,82.0,89.0,92.0,,273.0,29.5,1
P100489,2025-04-05,Orthopedics,53,F,Private,27.7,147.0,92.0,68.0,90.0,,154.0,6.2,0
P100490,2025-05-05,General Medicine,49,F,Private,26.1,126.0,65.0,81.0,129.0,5.8,212.0,3.3,1
P100491,2025-02-26,Emergency,72,M,Medicare,23.8,147.0,95.0,69.0,,,223.0,3.2,0
P100492,2026-03-21,Cardiology,49,F,Medicaid,31.9,126.0,80.0,72.0,73.0,3.8,174.0,4.8,0
P100493,2025-03-26,General Medicine,58,M,Medicaid,22.7,137.0,89.0,59.0,78.0,,214.0,2.2,1
P100494,2026-03-15,General Medicine,37,M,Medicare,30.7,124.0,70.0,74.0,104.0,5.3,226.0,1.8,0
P100495,2025-10-13,General Medicine,77,F,Medicare,40.7,160.0,96.0,86.0,,6.5,223.0,3.4,0
P100496,2025-03-05,Cardiology,32,M,Medicare,,133.0,77.0,78.0,179.0,8.4,244.0,2.8,0
P100497,2026-04-02,Cardiology,63,M,Medicare,21.4,127.0,85.0,62.0,110.0,5.5,144.0,4.9,1
P100498,2025-04-04,Emergency,58,M,Private,25.4,134.0,75.0,58.0,104.0,,184.0,6.2,0
P100499,2026-06-24,General Medicine,61,M,Medicare,30.2,136.0,79.0,100.0,,,260.0,9.4,0
P100500,2025-01-08,Cardiology,32,M,Medicaid,27.6,118.0,78.0,79.0,171.0,7.1,229.0,7.5,0
P100501,2025-12-03,Cardiology,48,M,Private,21.8,146.0,87.0,65.0,98.0,4.8,224.0,7.3,0
P100502,2025-06-19,General Medicine,71,M,Medicare,30.0,146.0,85.0,82.0,106.0,,256.0,4.3,0
P100503,2025-10-16,Cardiology,94,F,Medicare,27.9,134.0,89.0,100.0,100.0,,166.0,4.4,0
P100504,2026-03-30,Orthopedics,52,M,Medicare,39.5,143.0,94.0,86.0,89.0,4.8,234.0,5.7,0
P100505,2026-03-01,Orthopedics,69,M,Medicare,26.8,157.0,101.0,45.0,94.0,4.6,250.0,6.4,0
P100506,2025-06-01,Endocrinology,56,M,Medicare,34.6,139.0,92.0,107.0,166.0,7.7,189.0,2.9,1
P100507,2025-02-04,General Medicine,53,F,Medicaid,22.3,153.0,93.0,54.0,99.0,,293.0,4.2,0
P100508,2025-06-03,Cardiology,47,F,Private,23.3,126.0,78.0,72.0,95.0,4.4,212.0,2.9,0
P100509,2026-03-14,Endocrinology,54,F,Private,31.9,150.0,89.0,65.0,102.0,5.0,139.0,2.3,0
P100510,2025-10-06,Emergency,67,F,Private,,163.0,101.0,70.0,99.0,5.8,227.0,5.1,0
P100511,2026-02-14,General Medicine,69,F,Medicare,23.6,150.0,89.0,78.0,132.0,6.9,193.0,7.9,1
P100512,2025-09-25,Emergency,34,F,Uninsured,,118.0,72.0,53.0,155.0,6.9,,3.2,0
P100513,2025-10-13,Endocrinology,45,F,Medicare,21.8,123.0,81.0,73.0,181.0,7.7,223.0,4.1,0
P100514,2025-02-04,Endocrinology,37,M,Private,27.1,147.0,98.0,88.0,174.0,7.1,183.0,1.7,0
P100515,2025-01-13,General Medicine,55,F,Private,,137.0,88.0,68.0,88.0,4.7,258.0,12.0,1
P100516,2026-01-15,General Medicine,48,M,Uninsured,25.9,148.0,102.0,60.0,187.0,8.2,237.0,12.4,0
P100517,2025-04-20,Emergency,60,F,Private,26.8,139.0,82.0,74.0,95.0,5.2,186.0,2.9,0
P100518,2025-07-14,Cardiology,62,F,Medicare,22.8,143.0,77.0,71.0,93.0,,208.0,15.0,1
P100519,2025-07-19,Emergency,24,F,Private,,112.0,76.0,69.0,125.0,5.9,212.0,1.2,0
P100520,2025-12-08,Emergency,23,M,Private,,130.0,77.0,66.0,155.0,7.2,184.0,2.1,0
P100521,2026-05-24,General Medicine,54,F,Medicare,,132.0,81.0,82.0,107.0,5.1,199.0,7.0,0
P100522,2026-02-14,Endocrinology,78,M,Medicare,23.4,,,81.0,87.0,4.8,221.0,3.2,1
P100523,2025-12-11,General Medicine,45,M,Medicare,26.5,138.0,80.0,64.0,97.0,,171.0,3.1,0
P100524,2026-03-27,Endocrinology,45,F,Private,21.0,138.0,77.0,64.0,137.0,6.6,134.0,4.2,1
P100525,2025-10-03,Orthopedics,74,M,Medicare,23.3,141.0,85.0,76.0,85.0,4.7,226.0,9.0,0
P100526,2025-03-20,General Medicine,70,F,Medicare,35.8,144.0,87.0,68.0,88.0,,153.0,9.1,1
P100527,2025-09-21,Emergency,38,F,Medicare,27.3,136.0,86.0,78.0,96.0,,170.0,2.7,0
P100528,2026-06-13,General Medicine,68,F,Medicare,39.4,145.0,97.0,96.0,,,159.0,3.0,1
P100529,2026-02-26,General Medicine,41,F,Medicare,27.5,148.0,95.0,75.0,106.0,4.9,151.0,7.0,0
P100530,2025-07-08,Orthopedics,45,M,,27.8,137.0,75.0,63.0,90.0,,219.0,2.2,0
P100531,2025-06-24,General Medicine,38,M,Private,31.4,134.0,87.0,81.0,103.0,,,3.2,0
P100532,2026-05-11,Emergency,34,M,Private,17.3,130.0,82.0,71.0,81.0,,,2.6,1
P100533,2025-02-21,Cardiology,56,F,Medicaid,29.1,142.0,88.0,75.0,76.0,,168.0,2.5,0
P100534,2026-05-19,Emergency,32,M,Private,27.8,,,81.0,93.0,,,1.4,0
P100535,2026-01-01,Orthopedics,57,F,Medicare,36.6,138.0,87.0,86.0,79.0,4.4,223.0,8.1,0
P100536,2026-03-13,Emergency,56,F,Medicare,33.3,158.0,93.0,78.0,113.0,,209.0,2.2,0
P100537,2025-06-27,General Medicine,51,F,Private,22.8,137.0,85.0,74.0,79.0,4.5,234.0,2.6,0
P100538,2025-12-17,Emergency,46,M,Medicare,,125.0,86.0,101.0,85.0,4.4,237.0,3.6,0
P100539,2025-06-25,Endocrinology,43,M,Medicare,26.7,140.0,83.0,89.0,101.0,5.2,196.0,1.8,0
P100540,2025-01-10,Orthopedics,36,F,Private,23.8,125.0,72.0,84.0,90.0,,,6.1,1
P100541,2025-09-03,Cardiology,85,M,Medicare,29.0,146.0,90.0,78.0,128.0,6.5,199.0,4.3,1
P100542,2026-06-14,Endocrinology,50,M,Private,27.0,127.0,73.0,65.0,198.0,8.5,204.0,4.2,0
P100543,2025-05-12,General Medicine,50,M,Private,36.9,158.0,86.0,91.0,85.0,,183.0,4.9,0
P100544,2025-03-29,Endocrinology,39,M,Medicaid,29.8,115.0,71.0,78.0,94.0,,,2.3,0
P100545,2026-05-13,General Medicine,82,M,Medicare,29.1,,,70.0,94.0,,224.0,4.1,1
P100546,2026-05-07,Emergency,44,M,Medicaid,,142.0,88.0,75.0,104.0,4.4,,1.4,0
P100547,2026-04-03,Endocrinology,58,M,,34.1,165.0,102.0,67.0,186.0,8.7,195.0,4.3,1
P100548,2026-06-12,Orthopedics,62,F,Medicare,32.2,,,89.0,87.0,4.9,213.0,5.4,0
P100549,2026-06-20,Cardiology,56,M,Private,36.2,139.0,89.0,86.0,92.0,4.6,168.0,5.3,0
P100550,2026-05-11,Orthopedics,32,F,Medicare,31.2,152.0,94.0,79.0,94.0,4.5,,8.6,1
P100551,2026-06-05,Orthopedics,67,M,Medicare,28.9,133.0,79.0,76.0,104.0,5.6,243.0,7.6,1
P100552,2026-02-07,General Medicine,44,F,Medicaid,35.0,146.0,91.0,71.0,83.0,4.1,,2.5,1
P100553,2025-06-19,Orthopedics,70,F,Medicare,27.5,153.0,95.0,52.0,118.0,5.4,260.0,10.4,0
P100554,2025-09-05,Emergency,43,F,Medicare,28.2,127.0,74.0,61.0,88.0,,191.0,2.4,0
P100555,2025-07-25,Orthopedics,53,F,Medicaid,38.2,157.0,98.0,71.0,,5.0,199.0,2.8,1
P100556,2025-10-03,General Medicine,63,F,Medicare,37.5,147.0,98.0,69.0,267.0,11.2,268.0,4.3,1
P100557,2026-01-13,General Medicine,80,F,Medicare,28.0,160.0,97.0,79.0,,10.1,241.0,5.3,0
P100558,2025-05-11,Orthopedics,66,F,Medicare,25.8,,,84.0,86.0,,144.0,4.5,0
P100559,2025-01-09,Endocrinology,64,F,Medicaid,36.4,156.0,95.0,77.0,175.0,7.7,228.0,6.9,1
P100560,2025-11-22,Orthopedics,68,M,Medicare,32.3,146.0,96.0,93.0,,5.2,197.0,4.7,0
P100561,2026-06-21,Endocrinology,40,M,Medicare,29.6,150.0,85.0,68.0,85.0,4.4,,3.3,0
P100562,2026-04-11,Orthopedics,71,M,,26.4,147.0,94.0,74.0,180.0,7.3,230.0,7.3,0
P100563,2025-01-06,Cardiology,49,F,Private,29.7,155.0,91.0,76.0,87.0,,151.0,1.9,0
P100564,2025-11-20,Cardiology,49,F,Private,27.9,145.0,91.0,88.0,86.0,,216.0,5.2,1
P100565,2025-10-15,Emergency,55,M,Uninsured,,138.0,83.0,76.0,92.0,4.6,216.0,2.6,0
P100566,2025-08-18,Emergency,47,F,Private,28.7,148.0,88.0,78.0,107.0,5.0,218.0,3.2,1
P100567,2025-12-28,Emergency,38,F,Private,29.4,145.0,99.0,58.0,98.0,,,8.8,0
P100568,2025-08-19,Emergency,54,M,Private,,145.0,82.0,66.0,125.0,6.2,257.0,3.4,0
P100569,2026-05-09,General Medicine,50,M,Private,32.9,118.0,78.0,90.0,240.0,10.6,221.0,5.0,1
P100570,2026-05-06,Endocrinology,49,F,Medicare,35.3,134.0,94.0,55.0,249.0,9.7,208.0,2.0,0
P100571,2025-12-14,Cardiology,52,M,Medicaid,33.3,160.0,102.0,92.0,82.0,,245.0,5.8,0
P100572,2025-09-05,General Medicine,24,F,Uninsured,26.6,114.0,65.0,81.0,110.0,5.2,268.0,7.8,0
P100573,2025-11-19,Endocrinology,49,M,Medicare,32.1,152.0,86.0,69.0,205.0,9.0,236.0,4.5,0
P100574,2026-05-02,Emergency,83,F,Medicare,,162.0,95.0,67.0,244.0,10.1,229.0,3.1,0
P100575,2025-06-12,Cardiology,81,F,Medicare,22.4,,,95.0,90.0,4.5,235.0,8.0,1
P100576,2026-04-15,Cardiology,54,M,Medicaid,31.6,122.0,79.0,93.0,87.0,,217.0,5.8,0
P100577,2025-11-16,Endocrinology,54,F,Private,28.7,,,75.0,86.0,,210.0,6.9,1
P100578,2025-02-04,Cardiology,22,M,Private,44.7,,,82.0,101.0,5.1,264.0,13.7,0
P100579,2026-02-09,Endocrinology,44,F,,36.4,134.0,79.0,71.0,143.0,6.3,181.0,3.5,0
P100580,2025-04-20,General Medicine,67,M,Medicare,31.8,141.0,87.0,79.0,124.0,6.0,252.0,6.5,0
P100581,2025-10-06,Endocrinology,47,M,Private,29.3,,,69.0,190.0,8.2,202.0,9.8,0
P100582,2026-05-29,General Medicine,75,F,Medicare,28.8,164.0,95.0,75.0,153.0,6.9,171.0,10.8,1
P100583,2026-02-26,Emergency,73,M,Medicare,,144.0,83.0,95.0,103.0,5.1,212.0,4.0,0
P100584,2026-01-13,General Medicine,44,F,Private,20.5,125.0,72.0,73.0,91.0,,187.0,3.9,0
P100585,2025-02-07,General Medicine,56,F,Private,23.9,155.0,99.0,63.0,141.0,6.6,,6.9,1
P100586,2026-04-09,Endocrinology,85,F,Medicare,27.8,161.0,98.0,61.0,121.0,6.2,226.0,7.8,1
P100587,2025-07-01,Cardiology,32,M,Medicare,19.2,116.0,68.0,75.0,184.0,8.5,167.0,6.9,1
P100588,2025-01-28,Endocrinology,47,M,Private,25.4,,,67.0,142.0,6.7,253.0,2.7,1
P100589,2026-06-03,Emergency,31,M,Medicare,,,,78.0,99.0,,234.0,2.4,0
P100590,2025-04-14,General Medicine,40,M,Private,26.9,135.0,86.0,58.0,97.0,5.4,254.0,9.7,0
P100591,2025-06-24,Endocrinology,94,M,Medicare,24.9,139.0,103.0,83.0,115.0,5.8,235.0,5.9,0
P100592,2025-03-18,General Medicine,47,F,Medicare,26.3,118.0,78.0,64.0,202.0,9.6,205.0,9.3,0
P100593,2025-12-02,Emergency,26,M,Medicaid,38.2,125.0,78.0,80.0,116.0,5.8,,4.2,0
P100594,2026-04-14,General Medicine,38,M,Private,31.5,124.0,74.0,73.0,94.0,,184.0,10.3,0
P100595,2025-10-08,General Medicine,29,F,Medicare,25.3,107.0,61.0,94.0,81.0,,,4.4,0
P100596,2026-04-15,Emergency,56,M,Medicaid,,130.0,86.0,78.0,88.0,4.6,,1.7,0
P100597,2026-05-21,General Medicine,62,F,,27.9,135.0,88.0,97.0,78.0,4.2,166.0,13.7,1
P100598,2026-04-17,General Medicine,71,F,Medicare,24.4,141.0,85.0,81.0,185.0,8.2,221.0,7.9,1
P100599,2025-03-29,Cardiology,66,F,Medicare,24.4,163.0,107.0,91.0,85.0,,201.0,4.8,1
P100600,2025-04-22,Cardiology,32,F,Private,33.6,134.0,84.0,75.0,98.0,,192.0,10.7,0
P100601,2025-06-11,Emergency,61,F,Private,,141.0,92.0,79.0,108.0,5.5,224.0,7.8,1
P100602,2025-12-11,General Medicine,51,M,Private,23.0,142.0,90.0,88.0,89.0,4.6,249.0,4.0,0
P100603,2026-04-11,General Medicine,74,M,Medicare,27.8,147.0,90.0,86.0,93.0,4.8,191.0,12.0,0
P100604,2025-06-18,General Medicine,69,M,Medicare,28.6,153.0,88.0,82.0,82.0,4.0,205.0,8.0,0
P100605,2025-12-26,Cardiology,95,F,Medicare,19.6,156.0,95.0,70.0,292.0,12.4,203.0,7.1,0
P100606,2025-04-12,Emergency,39,F,Private,27.8,137.0,90.0,74.0,124.0,5.8,,3.6,0
P100607,2025-10-21,Endocrinology,37,F,Medicare,32.7,169.0,100.0,90.0,166.0,7.8,183.0,2.6,1
P100608,2026-02-26,Orthopedics,45,M,Private,30.4,150.0,95.0,92.0,93.0,5.0,199.0,1.6,0
P100609,2025-08-02,General Medicine,52,F,Private,,139.0,80.0,74.0,89.0,,227.0,7.1,0
P100610,2025-03-30,Endocrinology,42,M,Private,35.1,146.0,95.0,70.0,174.0,7.7,214.0,2.5,1
P100611,2025-08-11,Cardiology,39,M,Private,,133.0,85.0,69.0,97.0,4.7,169.0,2.6,0
P100612,2026-02-16,Orthopedics,59,M,Private,46.3,162.0,92.0,91.0,91.0,,253.0,4.7,0
P100613,2026-05-20,Cardiology,45,M,Private,32.1,126.0,78.0,67.0,102.0,5.8,235.0,4.3,0
P100614,2025-11-29,Cardiology,42,F,Private,28.8,125.0,84.0,85.0,86.0,4.6,175.0,2.9,0
P100615,2025-12-29,Orthopedics,32,M,Uninsured,33.4,262.0,80.0,84.0,85.0,5.0,239.0,6.5,0
P100616,2025-08-15,Endocrinology,22,M,Medicaid,25.3,137.0,79.0,69.0,100.0,,205.0,1.3,0
P100617,2026-05-17,General Medicine,82,M,Medicare,71.4,159.0,97.0,93.0,83.0,4.4,217.0,7.9,1
P100618,2026-04-15,Endocrinology,81,M,,24.9,,,59.0,178.0,8.0,233.0,5.1,1
P100619,2026-06-09,Emergency,69,M,Medicare,30.1,154.0,90.0,95.0,96.0,5.0,215.0,3.1,0
P100620,2026-04-12,Endocrinology,64,M,Medicaid,24.9,145.0,93.0,79.0,188.0,7.8,231.0,2.6,1
P100621,2025-10-23,Endocrinology,44,F,Medicaid,24.7,129.0,83.0,52.0,97.0,4.9,211.0,5.1,0
P100622,2026-06-03,Endocrinology,65,M,Medicare,30.2,157.0,93.0,94.0,147.0,7.0,203.0,3.1,1
P100623,2025-11-26,Endocrinology,36,M,Private,27.3,145.0,91.0,86.0,154.0,6.8,,2.0,1
P100624,2025-11-21,Endocrinology,55,F,Private,19.8,135.0,82.0,69.0,217.0,9.1,227.0,10.0,1
P100625,2025-12-21,Cardiology,41,M,Medicaid,21.5,130.0,79.0,63.0,116.0,5.6,191.0,2.1,0
P100626,2025-04-11,Cardiology,65,F,Medicaid,22.8,,,188.0,108.0,6.1,239.0,2.6,0
P100627,2026-03-30,General Medicine,87,M,Medicare,23.9,152.0,94.0,101.0,207.0,8.2,,7.7,1
P100628,2025-07-15,Emergency,37,F,Medicare,30.2,137.0,91.0,66.0,74.0,,191.0,3.0,0
P100629,2025-12-22,Cardiology,45,F,,29.1,144.0,90.0,62.0,88.0,,238.0,3.4,0
P100630,2026-04-01,Endocrinology,55,M,Medicare,,145.0,97.0,81.0,134.0,6.1,216.0,3.0,1
P100631,2025-03-03,Emergency,27,F,Medicaid,,124.0,82.0,59.0,116.0,5.6,,1.2,1
P100632,2025-06-12,Emergency,30,F,Private,34.0,140.0,87.0,67.0,120.0,,194.0,2.0,0
P100633,2026-05-24,General Medicine,86,F,Medicare,31.2,157.0,93.0,88.0,106.0,,278.0,7.3,1
P100634,2025-07-14,Endocrinology,59,F,Medicare,29.1,165.0,98.0,81.0,152.0,7.0,189.0,5.6,1
P100635,2025-12-23,General Medicine,43,M,Private,34.1,150.0,84.0,74.0,94.0,,194.0,3.7,1
P100636,2025-10-31,Endocrinology,53,M,Medicaid,33.0,138.0,85.0,78.0,163.0,,169.0,4.0,0
P100637,2026-04-15,Cardiology,45,F,Private,30.0,147.0,92.0,72.0,108.0,,229.0,6.6,0
P100638,2025-10-03,Endocrinology,56,M,Medicaid,35.2,151.0,104.0,77.0,119.0,5.6,192.0,3.2,1
P100639,2025-08-18,General Medicine,46,F,Private,18.4,145.0,93.0,65.0,84.0,,191.0,2.1,0
P100640,2025-01-09,Endocrinology,52,M,Private,26.6,134.0,79.0,69.0,151.0,7.1,192.0,9.3,0
P100641,2025-09-14,General Medicine,67,F,Private,26.5,148.0,83.0,69.0,93.0,4.6,,4.4,1
P100642,2025-11-12,Endocrinology,65,F,Medicare,34.5,150.0,91.0,70.0,214.0,8.5,174.0,13.0,1
P100643,2026-01-07,Endocrinology,85,F,Medicare,37.2,162.0,104.0,90.0,97.0,,151.0,4.7,1
P100644,2026-02-26,Orthopedics,61,M,Medicare,21.6,,,83.0,,,227.0,5.0,0
P100645,2026-02-24,Emergency,54,F,Private,36.1,154.0,98.0,68.0,97.0,5.1,142.0,3.5,0
P100646,2025-09-05,Endocrinology,89,F,Medicare,22.7,157.0,95.0,61.0,170.0,7.1,252.0,6.5,1
P100647,2025-02-12,General Medicine,50,M,Private,22.8,150.0,97.0,73.0,92.0,,257.0,3.9,0
P100648,2025-05-18,Endocrinology,23,M,Private,26.8,128.0,71.0,99.0,142.0,6.6,,3.4,0
P100649,2025-08-08,Cardiology,70,F,Medicare,26.4,143.0,98.0,64.0,128.0,6.5,258.0,5.6,1
P100650,2026-06-13,Orthopedics,58,M,Uninsured,21.2,147.0,84.0,72.0,101.0,,210.0,3.9,0
P100651,2026-02-20,Cardiology,53,M,Private,31.5,135.0,89.0,78.0,103.0,,260.0,5.4,1
P100652,2026-04-29,General Medicine,70,F,Medicare,31.6,163.0,98.0,76.0,93.0,5.0,202.0,3.9,0
P100653,2026-06-20,General Medicine,46,M,Medicare,33.8,155.0,94.0,73.0,106.0,5.6,130.0,5.0,0
P100654,2025-03-13,Cardiology,23,F,Uninsured,25.9,141.0,86.0,88.0,95.0,,193.0,1.2,0
P100655,2025-01-07,Cardiology,71,M,Medicare,27.8,153.0,96.0,81.0,90.0,4.3,272.0,3.0,1
P100656,2025-11-06,Endocrinology,43,F,Private,27.8,132.0,85.0,85.0,156.0,7.1,221.0,2.7,1
P100657,2025-05-23,Emergency,38,M,Private,,144.0,95.0,85.0,81.0,,,1.5,0
P100658,2026-04-15,General Medicine,24,F,Medicaid,16.8,125.0,87.0,82.0,99.0,5.5,206.0,1.9,0
P100659,2025-09-09,General Medicine,69,F,Medicare,,138.0,88.0,92.0,,4.2,,6.6,0
P100660,2025-01-06,Cardiology,20,M,Private,,,,91.0,179.0,8.5,191.0,3.1,0
P100661,2025-05-01,General Medicine,80,F,Medicare,23.0,155.0,96.0,100.0,174.0,7.0,305.0,4.6,1
P100662,2025-07-04,Cardiology,48,M,Medicare,26.7,128.0,87.0,89.0,94.0,5.0,190.0,5.3,0
P100663,2025-01-15,General Medicine,70,M,Medicaid,27.4,169.0,105.0,68.0,140.0,7.0,249.0,6.1,1
P100664,2025-06-21,Orthopedics,61,M,Private,24.9,143.0,86.0,84.0,95.0,4.6,237.0,3.8,0
P100665,2025-10-19,General Medicine,95,F,Medicare,28.3,147.0,92.0,84.0,,,205.0,9.3,0
P100666,2026-04-28,Endocrinology,61,M,,31.4,138.0,89.0,98.0,232.0,9.6,199.0,4.4,0
P100667,2025-12-17,Cardiology,79,F,Private,26.8,168.0,102.0,65.0,180.0,7.6,253.0,7.2,0
P100668,2025-02-20,Cardiology,44,F,Medicare,,156.0,98.0,81.0,88.0,4.8,209.0,3.1,0
P100669,2025-08-13,General Medicine,30,M,Medicaid,27.2,142.0,93.0,68.0,89.0,,209.0,4.6,1
P100670,2026-02-20,Emergency,73,M,Medicare,28.0,164.0,100.0,82.0,96.0,,165.0,3.4,1
P100671,2025-07-19,Endocrinology,30,M,Private,20.5,139.0,69.0,71.0,89.0,4.9,219.0,5.6,1
P100672,2025-11-01,General Medicine,68,F,Medicare,30.4,156.0,106.0,82.0,250.0,10.3,,6.4,1
P100673,2026-06-17,General Medicine,36,M,Private,25.8,136.0,83.0,60.0,107.0,,199.0,2.8,0
P100674,2025-03-16,Cardiology,59,M,Private,,155.0,90.0,87.0,107.0,,,2.8,0
P100675,2025-09-15,Cardiology,95,F,Medicare,31.1,169.0,96.0,79.0,304.0,12.5,215.0,3.7,0
P100676,2025-11-26,Endocrinology,67,M,Private,34.6,144.0,87.0,80.0,87.0,4.3,196.0,4.1,0
P100677,2026-03-07,General Medicine,50,F,,23.3,145.0,86.0,96.0,91.0,,200.0,3.5,1
P100678,2026-03-28,General Medicine,62,F,Private,,160.0,93.0,71.0,103.0,,,5.9,1
P100679,2025-06-05,Orthopedics,45,M,Private,22.4,131.0,78.0,78.0,109.0,,275.0,4.4,0
P100680,2025-09-10,Emergency,95,M,Medicare,,,,76.0,126.0,6.1,257.0,3.0,1
P100681,2026-03-25,Orthopedics,41,F,Private,35.1,147.0,103.0,80.0,,,172.0,7.0,0
P100682,2026-03-30,Emergency,52,F,Medicare,,140.0,92.0,103.0,,9.9,274.0,2.0,1
P100683,2026-03-21,Orthopedics,65,F,Medicare,22.8,128.0,87.0,75.0,102.0,,200.0,3.5,0
P100684,2025-12-27,Emergency,60,M,Medicare,25.8,155.0,93.0,69.0,88.0,,,3.8,0
P100685,2025-05-25,Emergency,63,F,Private,27.6,140.0,88.0,96.0,213.0,8.9,242.0,2.1,0
P100686,2025-07-18,Orthopedics,45,F,Private,,140.0,90.0,74.0,91.0,,,2.4,1
P100687,2025-12-21,Orthopedics,49,M,Medicare,20.4,127.0,76.0,56.0,67.0,,199.0,9.5,1
P100688,2025-05-18,Emergency,72,F,Medicare,21.0,158.0,94.0,66.0,97.0,,199.0,2.4,0
P100689,2026-01-04,General Medicine,71,M,Medicare,30.6,160.0,103.0,63.0,94.0,,224.0,4.7,0
P100690,2025-10-06,General Medicine,61,F,Private,19.7,136.0,91.0,54.0,145.0,6.4,,5.7,0
P100691,2025-08-28,General Medicine,82,M,Medicare,25.8,139.0,87.0,71.0,175.0,8.0,219.0,3.1,1
P100692,2025-07-11,Emergency,73,F,Medicare,28.8,146.0,83.0,75.0,82.0,3.7,214.0,3.4,0
P100693,2026-02-22,General Medicine,70,F,Medicare,30.2,156.0,94.0,90.0,93.0,4.7,251.0,7.2,0
P100694,2025-09-09,Orthopedics,29,F,Private,27.3,133.0,74.0,83.0,73.0,,208.0,2.9,0
P100695,2025-06-15,Orthopedics,61,M,Private,26.2,,,82.0,83.0,,214.0,4.7,1
P100696,2025-07-27,Emergency,57,M,Medicaid,32.6,149.0,93.0,68.0,126.0,5.6,215.0,3.4,0
P100697,2025-09-19,Endocrinology,85,F,,29.5,164.0,99.0,86.0,135.0,6.6,282.0,8.0,1
P100698,2025-11-30,Orthopedics,18,F,,24.9,124.0,80.0,90.0,106.0,,,1.9,0
P100699,2026-06-19,Orthopedics,51,M,Private,28.2,146.0,93.0,80.0,187.0,7.9,191.0,3.5,0
P100700,2025-07-03,Emergency,55,F,Private,30.0,133.0,85.0,81.0,93.0,4.7,,4.1,0
P100701,2025-04-07,Emergency,36,F,Medicaid,,170.0,96.0,65.0,91.0,4.8,155.0,2.2,1
P100702,2026-06-13,General Medicine,39,M,Private,32.3,135.0,83.0,89.0,107.0,,188.0,2.5,0
P100703,2025-03-21,General Medicine,85,F,Private,34.8,162.0,102.0,98.0,103.0,,220.0,7.3,1
P100704,2026-05-04,Cardiology,63,F,Medicaid,25.1,150.0,102.0,79.0,100.0,,196.0,6.6,0
P100705,2025-03-18,Emergency,95,F,Medicare,,152.0,92.0,69.0,166.0,7.6,,4.5,1
P100706,2025-07-16,Endocrinology,50,F,Medicare,26.8,139.0,90.0,74.0,,10.7,189.0,7.3,1
P100707,2026-06-23,Orthopedics,32,M,Private,27.3,132.0,88.0,71.0,111.0,5.5,170.0,2.4,0
P100708,2025-03-31,Orthopedics,48,M,Private,23.4,126.0,78.0,71.0,85.0,,226.0,8.1,1
P100709,2025-03-28,General Medicine,45,M,Medicare,35.2,148.0,98.0,85.0,84.0,,249.0,1.9,0
P100710,2025-11-25,Endocrinology,67,F,Medicare,32.8,133.0,90.0,81.0,125.0,,180.0,3.3,1
P100711,2025-04-13,Cardiology,67,M,Medicare,26.5,165.0,109.0,87.0,79.0,,223.0,2.5,0
P100712,2025-01-14,Emergency,64,F,Medicaid,31.4,157.0,99.0,81.0,160.0,7.7,,4.3,0
P100713,2026-01-11,General Medicine,95,M,Private,29.1,167.0,116.0,67.0,97.0,,181.0,7.7,1
P100714,2026-06-03,Cardiology,80,F,Medicare,31.9,,,72.0,108.0,5.1,202.0,6.4,0
P100715,2026-02-15,Orthopedics,40,M,Private,22.0,123.0,90.0,68.0,95.0,,,4.7,0
P100716,2026-06-05,Endocrinology,74,F,Medicare,27.3,165.0,105.0,74.0,201.0,8.5,193.0,3.7,0
P100717,2025-10-12,Emergency,54,F,Medicare,27.7,187.0,121.0,96.0,88.0,4.7,,3.2,1
P100718,2025-11-28,Endocrinology,50,F,Medicaid,31.3,156.0,94.0,99.0,134.0,5.7,209.0,8.2,0
P100719,2026-06-15,Endocrinology,84,F,Private,25.0,,,84.0,88.0,,,4.1,0
P100720,2025-09-30,Cardiology,39,F,Private,,134.0,92.0,74.0,101.0,,177.0,2.8,0
P100721,2025-01-22,General Medicine,72,M,Medicare,23.0,136.0,78.0,60.0,96.0,5.2,281.0,3.9,0
P100722,2025-05-09,General Medicine,69,M,Medicare,27.7,,,78.0,92.0,,208.0,5.4,0
P100723,2025-12-02,Orthopedics,38,F,Medicare,28.3,123.0,65.0,67.0,,,,5.6,0
P100724,2026-04-08,General Medicine,29,M,Medicaid,37.9,125.0,78.0,97.0,114.0,5.7,185.0,6.1,0
P100725,2025-11-24,Endocrinology,52,M,Medicare,31.1,129.0,76.0,59.0,192.0,8.3,222.0,3.9,1
P100726,2025-08-08,Endocrinology,18,M,Private,28.4,138.0,84.0,80.0,172.0,7.8,,2.7,0
P100727,2025-06-23,Endocrinology,77,M,Medicare,27.8,151.0,110.0,66.0,152.0,7.1,273.0,4.2,1
P100728,2026-01-04,Emergency,61,M,Private,,150.0,103.0,78.0,96.0,,188.0,2.7,0
P100729,2026-05-01,Cardiology,85,M,Medicare,25.2,152.0,85.0,82.0,103.0,,258.0,3.2,0
P100730,2025-05-31,Emergency,59,M,Medicare,,131.0,85.0,87.0,141.0,6.6,229.0,4.6,0
P100731,2025-10-26,Endocrinology,86,M,Medicare,23.0,144.0,94.0,74.0,97.0,4.9,255.0,5.2,0
P100732,2025-08-19,Cardiology,44,F,Medicaid,36.1,,,87.0,107.0,5.3,202.0,6.1,0
P100733,2025-05-14,Endocrinology,64,F,Medicare,30.0,132.0,84.0,69.0,121.0,6.2,208.0,2.8,0
P100734,2025-08-07,Cardiology,47,F,Private,,131.0,84.0,78.0,273.0,11.5,236.0,6.5,1
P100735,2025-02-17,Orthopedics,52,M,Private,27.4,129.0,73.0,87.0,107.0,,239.0,5.7,0
P100736,2025-10-14,General Medicine,55,F,Medicare,30.7,150.0,87.0,80.0,113.0,5.7,260.0,11.2,1
P100737,2025-02-27,Endocrinology,61,M,Medicare,,151.0,94.0,70.0,126.0,6.0,219.0,10.2,1
P100738,2025-09-13,General Medicine,42,M,Private,25.4,120.0,77.0,72.0,81.0,,200.0,7.6,0
P100739,2026-04-30,General Medicine,63,M,Medicare,24.9,140.0,83.0,86.0,103.0,,135.0,2.3,0
P100740,2025-03-20,Emergency,54,F,Medicare,,163.0,95.0,65.0,105.0,5.7,158.0,4.6,0
P100741,2025-05-16,Emergency,33,M,Private,26.3,121.0,76.0,65.0,113.0,,,3.0,0
P100742,2026-01-25,General Medicine,27,M,Private,25.8,133.0,89.0,82.0,110.0,5.6,,3.4,0
P100743,2026-05-05,Orthopedics,77,F,Medicare,22.0,148.0,91.0,69.0,151.0,7.1,246.0,10.7,1
P100744,2026-06-01,Orthopedics,22,M,Private,,141.0,97.0,60.0,159.0,6.7,153.0,3.8,1
P100745,2025-03-06,General Medicine,51,F,Private,27.1,143.0,84.0,91.0,99.0,,192.0,6.2,1
P100746,2025-05-10,Orthopedics,31,M,Private,26.4,126.0,81.0,63.0,81.0,,184.0,5.4,0
P100747,2026-06-16,Cardiology,91,F,Medicare,29.0,159.0,95.0,74.0,166.0,7.5,265.0,5.8,1
P100748,2025-10-01,Orthopedics,65,F,Medicare,32.0,150.0,96.0,70.0,90.0,,195.0,7.9,1
P100749,2026-03-27,Emergency,60,F,Medicare,,146.0,86.0,74.0,238.0,9.9,226.0,8.1,1
P100750,2025-01-08,Cardiology,40,F,Private,30.9,,,67.0,97.0,,209.0,2.3,0
P100751,2025-03-04,Emergency,32,F,Uninsured,26.8,145.0,80.0,84.0,101.0,,,1.8,0
P100752,2025-04-21,Emergency,57,M,Medicaid,25.3,153.0,104.0,76.0,95.0,4.4,238.0,5.0,1
P100753,2025-02-16,Endocrinology,53,F,Medicare,23.2,126.0,80.0,85.0,205.0,9.3,208.0,3.2,0
P100754,2026-04-27,General Medicine,36,F,Uninsured,25.2,129.0,84.0,68.0,66.0,,147.0,5.7,0
P100755,2026-03-10,Emergency,36,M,Medicaid,28.1,132.0,90.0,99.0,98.0,5.0,194.0,2.3,0
P100756,2025-07-30,Emergency,35,M,Private,24.3,118.0,80.0,54.0,109.0,5.0,200.0,2.1,1
P100757,2025-02-12,Cardiology,35,M,Medicare,28.5,114.0,68.0,59.0,,6.1,210.0,3.6,0
P100758,2025-02-27,Endocrinology,43,M,Private,,126.0,83.0,94.0,104.0,,,5.5,0
P100759,2025-05-22,General Medicine,60,F,Medicare,20.8,135.0,95.0,79.0,,15.8,249.0,3.5,1
P100760,2026-01-28,Endocrinology,63,M,Medicare,32.4,133.0,78.0,81.0,98.0,5.0,214.0,5.0,0
P100761,2026-03-09,Endocrinology,53,F,Private,25.7,141.0,101.0,80.0,221.0,10.4,179.0,9.3,0
P100762,2025-10-19,Cardiology,56,M,Private,24.1,152.0,96.0,81.0,102.0,,196.0,2.7,0
P100763,2026-05-06,Cardiology,64,M,Uninsured,23.0,151.0,91.0,78.0,176.0,7.5,276.0,8.1,0
P100764,2026-05-17,General Medicine,25,M,Private,30.2,130.0,76.0,66.0,87.0,,218.0,3.4,0
P100765,2026-02-19,General Medicine,58,M,Private,35.9,129.0,80.0,87.0,90.0,,245.0,3.2,0
P100766,2025-02-12,General Medicine,81,M,Medicare,26.0,159.0,86.0,83.0,177.0,8.1,188.0,3.9,1
P100767,2026-04-26,Orthopedics,18,F,Private,26.9,127.0,78.0,91.0,102.0,,171.0,3.1,0
P100768,2026-05-06,General Medicine,50,M,Medicaid,34.0,149.0,90.0,97.0,96.0,,186.0,7.9,0
P100769,2025-10-30,Endocrinology,76,M,Medicare,20.2,166.0,95.0,77.0,268.0,11.4,225.0,6.5,1
P100770,2025-11-20,Cardiology,51,M,Private,39.9,140.0,92.0,66.0,,6.2,202.0,2.5,0
P100771,2026-02-25,Endocrinology,66,F,Medicare,43.5,127.0,78.0,100.0,99.0,,199.0,7.9,0
P100772,2025-11-16,Endocrinology,60,F,Private,17.2,125.0,75.0,62.0,105.0,,200.0,7.1,0
P100773,2025-07-05,Cardiology,35,M,Private,27.5,139.0,84.0,80.0,84.0,,175.0,1.6,0
P100774,2026-01-12,Cardiology,38,F,Medicaid,24.6,133.0,85.0,72.0,82.0,,196.0,2.5,1
P100775,2026-03-01,Cardiology,86,F,Medicare,,,,71.0,193.0,8.1,259.0,9.4,1
P100776,2025-03-18,General Medicine,71,F,Medicare,26.0,132.0,78.0,84.0,145.0,6.7,169.0,5.2,0
P100777,2026-01-03,General Medicine,52,M,Medicare,32.4,140.0,88.0,80.0,102.0,4.6,219.0,7.5,0
P100778,2025-04-04,Emergency,50,F,Private,27.4,126.0,79.0,81.0,160.0,6.4,252.0,1.9,0
P100779,2025-11-07,Orthopedics,40,F,Medicare,23.8,138.0,79.0,66.0,114.0,5.9,197.0,1.3,0
P100780,2025-02-28,General Medicine,61,F,Medicare,27.1,139.0,85.0,74.0,104.0,5.1,196.0,6.7,0
P100781,2026-06-20,Cardiology,42,M,Medicare,30.7,132.0,86.0,68.0,104.0,5.2,233.0,3.1,0
P100782,2025-12-27,General Medicine,47,M,Medicare,22.6,126.0,83.0,72.0,121.0,6.1,175.0,6.5,0
P100783,2025-09-11,Cardiology,43,F,Uninsured,20.8,135.0,83.0,73.0,70.0,,204.0,7.3,0
P100784,2025-09-30,General Medicine,69,F,Medicare,40.1,158.0,101.0,100.0,91.0,,183.0,4.0,0
P100785,2025-12-01,General Medicine,51,M,Private,24.9,140.0,81.0,72.0,105.0,,148.0,4.4,0
P100786,2025-03-09,General Medicine,56,F,Private,27.3,144.0,83.0,52.0,92.0,5.0,205.0,4.0,0
P100787,2025-10-03,Endocrinology,35,M,Medicare,26.1,131.0,81.0,91.0,110.0,5.6,,2.9,0
P100788,2026-01-22,General Medicine,43,F,Medicare,30.9,128.0,89.0,82.0,96.0,,204.0,4.9,1
P100789,2025-05-21,Emergency,57,M,Medicare,38.5,143.0,90.0,78.0,97.0,4.6,246.0,2.7,0
P100790,2025-09-16,Orthopedics,30,F,Medicare,31.1,130.0,80.0,72.0,174.0,8.0,258.0,2.5,0
P100791,2025-06-28,General Medicine,50,M,Private,21.3,158.0,106.0,64.0,90.0,,,3.1,0
P100792,2025-03-28,General Medicine,53,F,Medicare,21.8,122.0,75.0,95.0,,4.6,241.0,3.5,1
P100793,2026-06-13,Cardiology,34,M,Medicare,26.1,127.0,93.0,76.0,99.0,,213.0,5.6,0
P100794,2025-11-17,Orthopedics,75,M,Medicare,26.7,151.0,90.0,56.0,87.0,,206.0,8.2,1
P100795,2025-07-31,General Medicine,60,M,Private,20.5,135.0,78.0,77.0,191.0,8.1,150.0,4.1,0
P100796,2025-07-02,Endocrinology,51,F,Private,32.4,156.0,95.0,91.0,147.0,7.4,260.0,1.9,0
P100797,2026-01-02,Endocrinology,42,F,Private,23.0,130.0,80.0,76.0,108.0,,170.0,2.5,0
P100798,2025-02-28,Emergency,29,M,Medicaid,,135.0,79.0,69.0,84.0,,242.0,1.2,0
P100799,2025-11-03,General Medicine,73,M,Medicare,38.9,167.0,117.0,68.0,,7.3,235.0,3.6,0
P100800,2025-05-05,General Medicine,46,F,Medicare,26.8,,,66.0,252.0,9.9,174.0,2.3,0
P100801,2026-04-26,General Medicine,32,F,Private,30.3,,,93.0,226.0,9.8,,4.1,0
P100802,2026-02-28,General Medicine,41,F,Medicare,22.4,131.0,79.0,74.0,110.0,5.4,272.0,14.9,1
P100803,2026-02-14,General Medicine,62,M,Medicare,31.3,147.0,87.0,59.0,90.0,4.1,262.0,3.1,0
P100804,2025-03-20,Endocrinology,58,M,Private,25.6,142.0,94.0,80.0,74.0,4.3,195.0,5.4,1
P100805,2025-02-13,General Medicine,37,M,Medicaid,23.0,132.0,73.0,76.0,151.0,7.0,179.0,5.6,1
P100806,2025-09-05,General Medicine,77,M,Private,26.6,141.0,81.0,71.0,113.0,5.9,223.0,7.0,1
P100807,2025-07-11,Cardiology,32,F,Private,25.7,141.0,86.0,64.0,176.0,7.7,194.0,3.9,0
P100808,2026-01-27,Orthopedics,83,F,Medicare,26.4,155.0,103.0,64.0,94.0,4.8,261.0,3.5,1
P100809,2026-01-20,Endocrinology,57,F,Private,33.2,146.0,88.0,90.0,200.0,9.3,234.0,7.3,1
P100810,2025-08-03,General Medicine,47,M,Medicaid,24.3,122.0,80.0,78.0,96.0,,152.0,2.0,0
P100811,2025-03-29,General Medicine,49,F,,38.3,148.0,92.0,84.0,109.0,,222.0,4.1,0
P100812,2025-06-25,General Medicine,55,F,Private,22.1,,,77.0,88.0,,204.0,4.1,0
P100813,2025-09-29,General Medicine,64,F,Private,37.4,147.0,81.0,82.0,77.0,,215.0,3.0,0
P100814,2025-05-17,Emergency,27,F,Private,23.3,121.0,81.0,69.0,100.0,4.6,,5.5,0
P100815,2025-06-21,General Medicine,41,M,,28.0,139.0,85.0,74.0,141.0,6.4,242.0,5.8,0
P100816,2025-05-11,Orthopedics,55,F,Private,25.6,161.0,104.0,88.0,93.0,,241.0,4.3,0
P100817,2025-02-04,Orthopedics,78,F,Medicare,26.3,157.0,91.0,91.0,109.0,5.2,196.0,3.1,0
P100818,2025-11-21,Endocrinology,77,M,Medicare,32.3,171.0,104.0,64.0,127.0,6.5,218.0,7.4,0
P100819,2026-06-23,Endocrinology,88,F,Medicare,36.7,170.0,103.0,76.0,152.0,,210.0,12.0,1
P100820,2026-05-30,General Medicine,76,F,Private,34.7,168.0,97.0,87.0,158.0,7.4,165.0,3.2,1
P100821,2026-05-17,Endocrinology,40,F,Medicare,26.0,155.0,87.0,96.0,146.0,7.2,200.0,4.1,0
P100822,2025-12-22,Endocrinology,53,M,Medicaid,28.9,134.0,80.0,96.0,90.0,4.7,268.0,4.5,0
P100823,2026-02-08,General Medicine,76,F,Medicare,24.3,139.0,87.0,66.0,100.0,,164.0,3.1,0
P100824,2025-02-04,General Medicine,74,M,Medicare,23.4,154.0,90.0,89.0,91.0,,218.0,9.2,0
P100825,2025-04-19,Endocrinology,50,M,Uninsured,22.8,136.0,83.0,75.0,107.0,5.4,206.0,4.5,0
P100826,2026-01-17,Orthopedics,63,M,Private,25.9,146.0,79.0,87.0,231.0,9.9,223.0,7.6,0
P100827,2026-06-18,General Medicine,46,F,Medicare,29.3,137.0,83.0,85.0,113.0,6.2,175.0,5.2,0
P100828,2026-05-06,Orthopedics,31,M,Private,19.8,119.0,82.0,60.0,90.0,4.5,153.0,7.7,1
P100829,2025-12-07,Cardiology,52,F,Private,27.8,158.0,101.0,82.0,111.0,5.2,164.0,5.3,0
P100830,2025-02-28,General Medicine,51,F,Medicare,36.8,135.0,84.0,90.0,103.0,,251.0,3.6,0
P100831,2026-06-06,Cardiology,45,M,Medicaid,34.3,150.0,94.0,78.0,,10.0,,5.7,0
P100832,2025-06-21,General Medicine,64,F,Private,25.2,150.0,87.0,72.0,102.0,,,3.4,0
P100833,2025-01-23,Endocrinology,50,F,Medicaid,21.8,,,57.0,144.0,6.5,275.0,6.2,0
P100834,2026-02-19,Emergency,61,F,Medicare,30.4,137.0,98.0,84.0,100.0,,189.0,5.8,0
P100835,2025-04-04,Endocrinology,69,F,Medicare,18.5,134.0,84.0,75.0,94.0,4.7,227.0,4.8,0
P100836,2025-06-12,General Medicine,95,F,,34.2,170.0,119.0,68.0,88.0,,262.0,5.2,1
P100837,2026-01-01,Endocrinology,52,M,Private,26.9,136.0,81.0,72.0,92.0,4.8,241.0,5.1,0
P100838,2026-06-06,General Medicine,79,M,Medicare,38.9,159.0,90.0,81.0,77.0,,178.0,9.9,1
P100839,2026-05-05,General Medicine,58,F,Medicare,20.5,122.0,73.0,68.0,141.0,6.3,188.0,3.6,0
P100840,2025-03-30,Endocrinology,59,M,Private,33.0,173.0,104.0,78.0,,,221.0,7.2,0
P100841,2025-04-05,Endocrinology,52,F,Private,27.5,141.0,102.0,57.0,94.0,5.0,270.0,8.5,0
P100842,2026-03-13,Cardiology,56,F,Medicare,26.4,147.0,89.0,90.0,103.0,5.4,186.0,7.0,1
P100843,2025-06-21,Cardiology,50,F,Medicare,21.9,129.0,76.0,74.0,,,192.0,5.0,0
P100844,2025-02-12,Emergency,74,F,Medicare,31.2,,,65.0,76.0,4.5,232.0,3.1,0
P100845,2025-11-14,General Medicine,42,F,Medicare,31.6,160.0,105.0,50.0,246.0,10.3,224.0,3.0,0
P100846,2025-12-21,Cardiology,31,F,Private,38.6,119.0,81.0,91.0,101.0,4.8,221.0,1.6,0
P100847,2026-06-24,Emergency,45,F,Medicare,33.6,145.0,87.0,84.0,548.0,,178.0,3.7,0
P100848,2025-09-20,Cardiology,43,M,Private,25.2,122.0,66.0,77.0,111.0,5.8,187.0,8.7,0
P100849,2026-03-08,General Medicine,44,F,Private,23.4,130.0,74.0,84.0,87.0,5.1,212.0,9.4,1
P100850,2025-10-16,Orthopedics,51,F,Private,21.9,129.0,91.0,84.0,73.0,4.3,248.0,2.3,1
P100851,2026-05-14,Emergency,45,F,Medicare,,133.0,88.0,81.0,151.0,6.5,198.0,2.7,0
P100852,2025-09-21,Orthopedics,51,M,Medicare,24.3,,,72.0,90.0,,207.0,6.0,0
P100853,2025-12-31,General Medicine,45,F,Private,36.5,116.0,85.0,74.0,77.0,4.1,172.0,5.5,1
P100854,2026-06-05,Emergency,62,M,Medicaid,30.8,144.0,101.0,81.0,,,273.0,2.8,1
P100855,2026-04-19,Cardiology,95,F,Medicare,29.7,,,92.0,137.0,6.4,233.0,8.8,1
P100856,2025-08-05,Emergency,58,F,Private,26.5,127.0,80.0,74.0,,,246.0,3.0,1
P100857,2025-10-01,Emergency,45,M,Medicare,,157.0,93.0,93.0,122.0,5.5,206.0,1.4,0
P100858,2025-11-17,Emergency,21,F,Private,,121.0,75.0,80.0,87.0,3.9,,1.6,0
P100859,2025-03-09,Endocrinology,95,F,Medicare,26.2,155.0,86.0,80.0,164.0,6.2,180.0,6.9,0
P100860,2025-05-07,Cardiology,59,F,Private,31.7,140.0,78.0,104.0,179.0,7.8,143.0,3.2,1
P100861,2026-01-19,General Medicine,51,M,Private,27.3,139.0,76.0,94.0,96.0,,248.0,3.6,1
P100862,2025-02-08,General Medicine,22,M,Private,24.3,140.0,93.0,93.0,154.0,7.6,197.0,7.4,1
P100863,2025-11-21,General Medicine,52,M,Private,31.2,170.0,94.0,68.0,,4.1,215.0,6.0,1
P100864,2025-09-19,Emergency,56,M,Medicare,,150.0,104.0,100.0,127.0,6.1,170.0,2.5,0
P100865,2025-09-20,General Medicine,45,F,Medicare,30.6,152.0,89.0,76.0,91.0,,176.0,12.9,1
P100866,2026-04-02,Endocrinology,33,M,Private,25.8,150.0,103.0,0.0,,6.1,,1.1,0
P100867,2025-05-29,General Medicine,32,F,Medicare,22.5,131.0,80.0,51.0,,,,2.4,0
P100868,2026-03-04,Cardiology,95,M,Medicare,38.3,184.0,102.0,83.0,116.0,5.6,208.0,5.2,0
P100869,2026-02-28,Cardiology,56,F,Medicaid,,158.0,105.0,67.0,165.0,7.3,232.0,3.2,1
P100870,2026-06-20,Cardiology,45,F,Medicare,32.8,143.0,97.0,82.0,108.0,,211.0,7.0,1
P100871,2026-03-20,Orthopedics,54,M,Private,26.1,144.0,84.0,63.0,115.0,5.9,205.0,4.2,0
P100872,2025-10-01,Orthopedics,53,F,Private,26.5,120.0,74.0,95.0,133.0,6.1,268.0,2.7,0
P100873,2025-07-16,General Medicine,31,M,Medicaid,35.9,141.0,82.0,84.0,106.0,,184.0,4.7,0
P100874,2026-02-26,Endocrinology,72,F,Medicare,26.3,131.0,81.0,101.0,245.0,9.8,257.0,6.4,1
P100875,2026-05-16,General Medicine,50,M,Medicare,,,,64.0,87.0,,,2.7,0
P100876,2025-06-01,Orthopedics,56,M,Medicaid,39.2,153.0,92.0,96.0,96.0,,210.0,4.4,1
P100877,2025-07-19,Emergency,85,F,Medicare,27.8,142.0,77.0,56.0,101.0,5.4,,3.7,1
P100878,2025-09-26,General Medicine,33,M,Medicare,38.5,141.0,84.0,81.0,93.0,4.8,209.0,8.0,0
P100879,2025-02-28,Orthopedics,41,M,Private,21.8,133.0,87.0,67.0,113.0,4.9,200.0,2.9,0
P100880,2025-06-19,General Medicine,60,M,,30.7,148.0,90.0,72.0,104.0,,256.0,6.5,1
P100881,2025-03-31,General Medicine,72,F,Medicare,40.7,,,74.0,136.0,5.9,257.0,4.1,1
P100882,2026-02-22,Emergency,43,M,Private,,147.0,85.0,66.0,82.0,5.1,243.0,3.5,0
P100883,2025-09-25,General Medicine,44,M,Uninsured,26.7,136.0,81.0,62.0,115.0,5.4,80.0,2.6,1
P100884,2025-11-23,General Medicine,66,F,Medicare,22.7,148.0,100.0,70.0,87.0,,229.0,6.5,1
P100885,2025-02-13,Endocrinology,95,F,Medicare,,150.0,86.0,79.0,232.0,10.1,235.0,9.1,1
P100886,2025-11-06,General Medicine,55,F,Medicare,24.4,137.0,90.0,88.0,118.0,5.4,209.0,4.4,1
P100887,2026-01-23,General Medicine,41,M,Medicare,,148.0,92.0,79.0,136.0,6.4,223.0,3.7,0
P100888,2026-01-08,General Medicine,37,F,Medicaid,22.4,141.0,89.0,87.0,107.0,,,3.4,1
P100889,2026-03-06,General Medicine,51,M,Private,37.1,138.0,82.0,62.0,62.0,,,2.5,0
P100890,2025-03-03,Endocrinology,71,M,Medicare,34.5,148.0,89.0,73.0,224.0,9.6,208.0,7.3,0
P100891,2025-10-24,Emergency,95,F,Medicare,27.8,148.0,91.0,84.0,136.0,5.9,276.0,5.2,1
P100892,2025-09-18,Endocrinology,48,F,Private,22.7,128.0,77.0,78.0,245.0,10.3,232.0,3.1,0
P100893,2026-04-28,Emergency,55,M,Medicaid,,133.0,85.0,69.0,83.0,,227.0,2.3,0
P100894,2026-01-08,Endocrinology,91,F,Medicare,26.2,154.0,98.0,86.0,186.0,8.2,242.0,7.2,0
P100895,2026-05-31,General Medicine,59,M,Private,,147.0,104.0,69.0,68.0,4.3,249.0,3.7,0
P100896,2025-01-14,General Medicine,58,M,,20.4,129.0,83.0,65.0,101.0,5.4,244.0,9.8,0
P100897,2025-08-30,Emergency,85,M,Medicare,24.9,151.0,82.0,80.0,75.0,,220.0,3.3,0
P100898,2026-01-15,Cardiology,55,F,Medicare,21.5,135.0,91.0,74.0,,6.9,241.0,2.4,0
P100899,2025-02-18,Emergency,38,M,,25.0,144.0,88.0,69.0,109.0,5.7,,3.7,0
P100900,2025-12-18,General Medicine,79,M,Medicare,32.0,148.0,104.0,71.0,91.0,,282.0,5.2,1
P100901,2025-05-05,General Medicine,30,F,Medicare,26.2,124.0,87.0,64.0,102.0,,234.0,3.1,1
P100902,2025-02-10,General Medicine,74,M,Medicare,29.9,142.0,85.0,72.0,103.0,,198.0,7.2,1
P100903,2025-12-22,Cardiology,54,M,Private,24.6,127.0,84.0,87.0,102.0,,284.0,3.6,1
P100904,2025-08-19,General Medicine,48,M,Medicare,28.3,,,79.0,83.0,4.4,139.0,9.2,1
P100905,2025-08-08,Endocrinology,48,F,Private,39.6,,,90.0,120.0,,227.0,8.0,0
P100906,2025-06-25,Endocrinology,51,F,,,140.0,91.0,81.0,78.0,4.5,186.0,10.0,0
P100907,2026-01-05,General Medicine,46,F,,30.0,154.0,101.0,70.0,171.0,7.5,266.0,12.5,1
P100908,2025-12-01,General Medicine,62,F,Medicare,21.1,155.0,100.0,56.0,95.0,,221.0,6.3,0
P100909,2025-12-27,Cardiology,47,F,Private,,127.0,80.0,68.0,,5.1,181.0,4.5,0
P100910,2026-03-02,Cardiology,26,M,Medicaid,25.7,135.0,99.0,68.0,99.0,,,2.7,0
P100911,2025-11-23,Cardiology,54,F,Private,33.8,149.0,90.0,70.0,89.0,4.2,186.0,6.4,0
P100912,2025-02-10,Cardiology,73,M,Medicare,27.4,144.0,80.0,87.0,117.0,6.1,208.0,13.2,0
P100913,2025-03-27,General Medicine,25,F,Uninsured,31.3,136.0,76.0,88.0,98.0,4.1,186.0,1.8,0
P100914,2026-06-20,Cardiology,54,F,Medicare,31.6,125.0,88.0,101.0,99.0,,185.0,5.5,1
P100915,2025-06-04,Emergency,46,F,Medicaid,25.8,153.0,94.0,67.0,98.0,5.7,214.0,4.5,0
P100916,2025-08-19,Endocrinology,73,F,Medicare,34.1,160.0,99.0,95.0,107.0,,230.0,2.9,0
P100917,2025-07-24,Cardiology,49,M,Medicaid,,127.0,77.0,92.0,102.0,,175.0,8.5,1
P100918,2026-06-19,Emergency,69,M,Medicare,32.2,145.0,87.0,75.0,101.0,,163.0,2.3,1
P100919,2026-03-22,Endocrinology,66,M,Medicare,26.1,127.0,75.0,81.0,253.0,9.8,225.0,3.8,1
P100920,2025-09-19,General Medicine,67,F,Medicare,29.8,145.0,93.0,90.0,76.0,,232.0,3.2,0
P100921,2026-01-04,Emergency,88,M,Medicare,25.8,149.0,91.0,75.0,76.0,,,2.7,0
P100922,2025-10-25,Emergency,50,F,Private,28.3,126.0,82.0,75.0,95.0,5.6,225.0,1.7,0
P100923,2025-12-15,Orthopedics,55,M,Uninsured,,147.0,93.0,68.0,94.0,,,2.6,0
P100924,2026-05-31,Cardiology,62,F,Private,29.3,160.0,95.0,50.0,102.0,,245.0,3.2,0
P100925,2025-12-29,General Medicine,55,F,Private,28.2,142.0,79.0,77.0,96.0,4.7,296.0,5.8,0
P100926,2025-03-02,Emergency,49,F,,,134.0,75.0,67.0,188.0,7.8,,3.4,0
P100927,2025-09-29,Emergency,39,F,,,140.0,105.0,64.0,82.0,,146.0,3.3,0
P100928,2026-03-19,Cardiology,54,F,Private,28.7,142.0,97.0,81.0,205.0,8.8,139.0,8.6,1
P100929,2025-01-22,General Medicine,31,M,Medicare,25.1,118.0,83.0,59.0,81.0,,,4.3,0
P100930,2025-07-12,Endocrinology,24,M,Private,27.4,121.0,73.0,85.0,,6.9,212.0,1.1,0
P100931,2025-04-19,Cardiology,36,M,Private,23.4,127.0,80.0,80.0,75.0,4.1,,3.0,0
P100932,2026-01-25,General Medicine,67,F,Medicare,42.7,161.0,94.0,76.0,227.0,9.4,,8.3,0
P100933,2025-03-17,Endocrinology,58,M,Private,,148.0,83.0,77.0,80.0,4.0,202.0,7.8,0
P100934,2025-12-04,Endocrinology,67,F,Medicare,29.4,151.0,89.0,63.0,134.0,6.2,193.0,3.7,1
P100935,2025-02-04,Cardiology,42,M,Private,34.6,125.0,87.0,86.0,106.0,5.2,187.0,6.5,0
P100936,2026-05-14,General Medicine,75,F,Medicare,19.6,152.0,98.0,76.0,182.0,7.7,212.0,5.1,0
P100937,2025-06-22,Cardiology,32,F,Private,17.7,125.0,73.0,76.0,189.0,8.3,226.0,5.0,0
P100938,2025-08-09,General Medicine,36,M,Private,26.1,161.0,97.0,81.0,89.0,4.8,186.0,8.3,1
P100939,2026-03-02,Cardiology,75,F,Medicare,21.8,142.0,92.0,67.0,79.0,4.2,210.0,4.0,1
P100940,2025-07-25,Emergency,57,F,Medicare,,146.0,87.0,59.0,77.0,,229.0,3.1,0
P100941,2025-03-04,Cardiology,67,M,Medicare,,179.0,109.0,87.0,,,209.0,9.4,1
P100942,2026-05-04,General Medicine,58,F,Private,33.0,149.0,95.0,85.0,102.0,,247.0,13.1,1
P100943,2025-03-02,Cardiology,44,M,Medicaid,22.8,133.0,85.0,69.0,101.0,,175.0,7.1,0
P100944,2025-09-26,Cardiology,35,F,Medicare,,124.0,80.0,81.0,103.0,4.9,164.0,4.9,0
P100945,2025-03-09,Endocrinology,27,M,Private,28.1,147.0,87.0,90.0,96.0,4.6,207.0,6.6,1
P100946,2026-01-12,Cardiology,94,M,Medicare,29.8,147.0,88.0,89.0,93.0,,240.0,4.8,0
P100947,2025-05-26,Cardiology,29,M,Private,25.5,134.0,77.0,69.0,84.0,,170.0,4.1,1
P100948,2026-05-19,General Medicine,84,M,Medicare,,155.0,86.0,62.0,203.0,8.8,266.0,3.3,1
P100949,2025-04-20,General Medicine,56,M,Medicaid,27.5,,,61.0,186.0,8.8,272.0,3.7,0
P100950,2025-12-28,Cardiology,59,M,Medicaid,38.5,136.0,90.0,76.0,87.0,4.6,191.0,6.0,0
P100951,2025-01-08,General Medicine,57,F,Private,24.3,,,91.0,97.0,,258.0,5.3,1
P100952,2025-03-03,General Medicine,64,F,Private,32.0,146.0,92.0,69.0,204.0,8.9,138.0,2.2,0
P100953,2025-05-30,Endocrinology,41,M,Private,27.7,123.0,82.0,69.0,130.0,5.9,238.0,3.8,0
P100954,2026-04-23,Endocrinology,23,F,Private,,141.0,77.0,69.0,175.0,8.1,168.0,38.0,0
P100955,2026-06-22,Cardiology,44,F,Private,31.4,134.0,82.0,71.0,95.0,4.6,236.0,5.0,0
P100956,2025-11-28,Endocrinology,62,F,Medicare,26.5,148.0,101.0,75.0,80.0,,182.0,2.8,0
P100957,2025-07-01,General Medicine,36,M,Private,17.3,135.0,88.0,59.0,92.0,,,6.3,1
P100958,2025-06-18,Emergency,76,F,Medicaid,16.1,147.0,80.0,84.0,103.0,5.1,193.0,10.1,0
P100959,2025-04-25,Emergency,51,M,Private,35.2,122.0,81.0,77.0,105.0,,201.0,7.4,0
P100960,2025-07-03,Emergency,35,M,Private,34.9,147.0,86.0,105.0,91.0,4.5,259.0,1.6,0
P100961,2025-09-25,General Medicine,56,M,Medicaid,39.3,150.0,97.0,66.0,94.0,4.7,207.0,10.5,1
P100962,2026-01-06,Cardiology,62,F,Medicare,27.9,141.0,84.0,93.0,91.0,,280.0,3.8,1
P100963,2025-05-04,Endocrinology,64,M,Private,22.2,140.0,87.0,90.0,81.0,,201.0,6.7,1
P100964,2025-01-20,Endocrinology,18,M,Medicare,26.0,107.0,66.0,71.0,89.0,4.5,241.0,3.5,0
P100965,2025-10-30,Cardiology,18,F,Private,28.1,129.0,81.0,72.0,92.0,5.1,141.0,9.4,0
P100966,2025-05-12,Cardiology,75,M,Medicare,23.4,132.0,79.0,64.0,97.0,,210.0,3.6,1
P100967,2025-08-05,General Medicine,31,F,Private,37.7,136.0,84.0,69.0,102.0,4.9,182.0,2.3,0
P100968,2026-01-20,Endocrinology,75,M,Private,41.9,163.0,92.0,80.0,94.0,,268.0,9.7,1
P100969,2026-04-30,Cardiology,77,F,Medicare,30.5,165.0,104.0,77.0,93.0,4.8,226.0,6.9,1
P100970,2025-10-16,Orthopedics,35,M,Private,27.9,228.0,80.0,58.0,77.0,4.8,,8.9,0
P100971,2026-05-17,Endocrinology,37,M,Medicare,22.2,146.0,81.0,99.0,102.0,,,2.6,0
P100972,2025-05-26,Emergency,68,F,Medicare,37.0,165.0,107.0,76.0,237.0,9.6,183.0,2.5,1
P100973,2026-01-21,Endocrinology,47,M,,28.4,134.0,83.0,77.0,104.0,4.9,236.0,5.4,0
P100974,2026-06-14,General Medicine,81,F,Medicare,26.6,140.0,88.0,69.0,158.0,6.6,247.0,3.2,1
P100975,2025-04-27,Cardiology,89,M,Medicare,30.5,142.0,93.0,74.0,84.0,,215.0,6.5,1
P100976,2026-02-03,General Medicine,35,M,Medicaid,25.2,,,71.0,85.0,4.7,183.0,3.3,0
P100977,2025-09-13,Cardiology,40,F,Medicare,28.8,128.0,88.0,76.0,96.0,5.4,226.0,4.2,0
P100978,2026-04-21,Cardiology,55,F,Medicare,21.6,150.0,91.0,74.0,100.0,,174.0,6.9,0
P100979,2025-06-14,General Medicine,23,M,Private,34.1,126.0,85.0,87.0,93.0,,210.0,6.1,1
P100980,2026-06-03,Endocrinology,27,F,Private,27.5,120.0,77.0,78.0,90.0,4.7,,10.8,1
P100981,2026-03-08,Cardiology,39,M,Medicare,34.5,143.0,92.0,86.0,102.0,5.1,,7.9,0
P100982,2026-01-16,Emergency,95,M,Medicare,27.0,151.0,95.0,76.0,101.0,,240.0,6.6,0
P100983,2025-01-16,Cardiology,58,M,Medicare,27.3,143.0,96.0,78.0,,5.1,214.0,3.2,0
P100984,2025-02-14,General Medicine,43,F,Private,22.5,144.0,93.0,72.0,78.0,,220.0,2.9,0
P100985,2025-12-24,General Medicine,37,M,Private,32.1,139.0,84.0,88.0,101.0,5.4,,7.3,0
P100986,2025-09-16,Endocrinology,35,M,Medicare,23.9,132.0,79.0,78.0,88.0,,220.0,10.1,0
P100987,2025-06-24,General Medicine,44,F,Medicare,25.7,138.0,86.0,74.0,98.0,,238.0,2.4,0
P100988,2026-03-31,Cardiology,43,F,Medicare,28.0,118.0,71.0,74.0,98.0,5.1,215.0,7.6,0
P100989,2025-09-17,Orthopedics,50,F,Private,28.6,145.0,83.0,75.0,75.0,4.3,227.0,4.7,0
P100990,2025-09-05,Endocrinology,63,F,Medicaid,20.6,142.0,75.0,74.0,,,210.0,4.8,1
P100991,2025-06-24,Cardiology,52,M,,26.9,150.0,83.0,75.0,102.0,5.6,237.0,3.5,0
P100992,2026-06-15,Endocrinology,70,F,Medicare,32.3,158.0,109.0,71.0,103.0,5.9,219.0,4.7,0
P100993,2025-07-16,Emergency,48,M,Medicare,,136.0,81.0,84.0,97.0,4.6,170.0,2.4,0
P100994,2025-05-21,Orthopedics,91,F,Medicare,26.9,168.0,114.0,85.0,74.0,,252.0,4.9,0
P100995,2025-12-31,Emergency,69,F,Medicare,,145.0,92.0,96.0,212.0,8.0,,3.5,1
P100996,2025-01-19,General Medicine,58,F,Private,27.4,146.0,90.0,69.0,,5.4,220.0,4.7,0
P100997,2025-11-18,General Medicine,63,M,Private,23.3,138.0,77.0,82.0,83.0,3.9,201.0,4.6,0
P100998,2025-11-01,General Medicine,44,M,Medicare,27.8,142.0,88.0,55.0,87.0,,190.0,6.3,0
P100999,2025-05-12,Emergency,49,F,Private,,140.0,98.0,87.0,249.0,9.8,213.0,3.7,0
