campaign_id,date,channel,campaign_type,region,spend_usd,impressions,clicks,conversions,revenue_usd,ctr_pct,cpc_usd,roas,bounce_rate_pct
CMP-7613,2025-03-01,Meta Ads,Promo,US,187.79,16359,204,9.0,990.76,1.25,0.92,5.28,39.3
CMP-6704,2025-03-01,Meta Ads,Prospecting,US,319.54,26437,301,3.0,345.41,1.14,1.06,1.08,22.9
CMP-9642,2025-03-01,LinkedIn Ads,Retargeting,IN,521.95,13084,129,18.0,6279.73,0.99,4.05,12.03,41.2
CMP-6274,2025-03-01,Email,Prospecting,US,26.87,2082,65,1.0,38.31,3.12,0.41,1.43,62.0
CMP-5268,2025-03-01,Google Search,Prospecting,BR,594.92,7697,328,18.0,2019.02,4.26,1.81,3.39,52.7
CMP-5568,2025-03-01,TikTok Ads,Prospecting,BR,148.45,25009,225,4.0,242.32,0.9,0.66,1.63,44.1
CMP-6048,2025-03-01,Email,Retargeting,US,29.14,1878,91,5.0,455.4,4.85,0.32,15.63,
CMP-5539,2025-03-02,TikTok Ads,Prospecting,US,178.4,24988,240,,,0.96,0.74,,38.5
CMP-1623,2025-03-02,Google Search,Prospecting,US,647.97,9524,411,26.0,3104.76,4.32,1.58,4.79,66.2
CMP-6704,2025-03-02,Meta Ads,Prospecting,US,146.6,15881,203,4.0,452.86,1.28,0.72,3.09,79.1
CMP-2676,2025-03-02,Meta Ads,Brand,US,321.87,55565,686,20.0,1651.93,1.23,0.47,5.13,51.2
CMP-6048,2025-03-03,Email,Retargeting,US,41.44,3214,161,13.0,1029.37,5.01,0.26,24.84,
CMP-2676,2025-03-03,Meta Ads,Brand,US,326.82,37106,451,14.0,1121.97,1.22,0.72,3.43,68.8
CMP-6274,2025-03-03,Email,Prospecting,US,33.59,2033,62,7.0,497.02,3.05,0.54,14.8,42.9
CMP-3292,2025-03-03,LinkedIn Ads,Promo,DE,871.19,27384,161,9.0,4067.47,0.59,5.41,4.67,50.7
CMP-1266,2025-03-03,Display,Retargeting,US,262.07,88003,249,11.0,1160.62,0.28,1.05,4.43,50.6
CMP-7148,2025-03-03,Google Search,Prospecting,IN,259.66,2798,105,6.0,863.38,3.75,2.47,3.33,74.6
CMP-1349,2025-03-03,Meta Ads,Prospecting,BR,,21187,269,4.0,217.09,1.27,,,58.2
CMP-7817,2025-03-04,Google Search,Retargeting,UK,495.93,8994,748,90.0,11583.61,8.32,0.66,23.36,52.4
CMP-3386,2025-03-05,Google Search,Brand,US,1313.02,15168,674,34.0,4361.64,4.44,1.95,3.32,55.0
CMP-9409,2025-03-05,Google Search,Promo,US,1308.43,19250,854,44.0,6161.37,4.44,1.53,4.71,
CMP-2011,2025-03-06,Email,Prospecting,DE,43.24,4216,120,7.0,656.88,2.85,0.36,15.19,
CMP-9001,2025-03-06,Display,Promo,UK,133.2,53370,86,1.0,134.86,0.16,1.55,1.01,64.4
CMP-2733,2025-03-06,TikTok Ads,Retargeting,UK,,82501,1333,,,1.62,,,42.8
CMP-1623,2025-03-07,Google Search,Prospecting,US,,6838,328,19.0,2416.55,4.8,,,49.9
CMP-4117,2025-03-07,LinkedIn Ads,Retargeting,US,309.2,8093,88,10.0,3312.45,1.09,3.51,10.71,42.2
CMP-4117,2025-03-07,LinkedIn Ads,Retargeting,US,184.75,5940,61,3.0,921.27,1.03,3.03,4.99,33.1
CMP-2676,2025-03-07,Meta Ads,Brand,US,217.11,30675,379,6.0,352.81,1.24,0.57,1.63,48.6
CMP-1623,2025-03-08,Google Search,Prospecting,US,1035.68,11238,469,33.0,3821.62,4.17,2.21,3.69,69.0
CMP-4175,2025-03-08,Meta Ads,Retargeting,US,170.05,20586,417,,,2.03,0.41,,14.8
CMP-4962,2025-03-08,Google Search,Prospecting,UK,383.54,5320,229,15.0,1545.96,4.3,1.67,4.03,73.6
CMP-2399,2025-03-08,Meta Ads,Brand,UK,298.37,29762,368,6.0,595.05,1.24,0.81,1.99,23.0
CMP-4549,2025-03-09,Email,Brand,US,45.09,3731,106,1.0,69.87,2.84,0.43,1.55,38.8
CMP-4619,2025-03-09,Google Search,Retargeting,IN,252.24,3776,313,47.0,5727.05,8.29,0.81,22.7,48.8
CMP-4962,2025-03-09,Google Search,Prospecting,UK,356.98,3974,170,11.0,1292.55,4.28,2.1,3.62,62.5
CMP-1623,2025-03-10,Google Search,Prospecting,US,745.98,10709,482,34.0,4247.07,4.5,1.55,5.69,57.2
CMP-7148,2025-03-10,Google Search,Prospecting,IN,788.09,8647,379,22.0,2531.93,4.38,2.08,3.21,51.9
CMP-3840,2025-03-10,LinkedIn Ads,Retargeting,UK,124.37,2547,25,,,0.98,4.97,,46.2
CMP-6704,2025-03-10,Meta Ads,Prospecting,US,118.55,11532,163,4.0,371.06,1.41,0.73,3.13,54.1
CMP-4117,2025-03-11,LinkedIn Ads,Retargeting,US,149.86,5514,63,8.0,3331.4,1.14,2.38,22.23,55.1
CMP-9926,2025-03-11,Meta Ads,Prospecting,IN,252.67,31356,419,12.0,1066.41,1.34,0.6,4.22,40.0
CMP-1623,2025-03-11,Google Search,Prospecting,US,,17406,726,53.0,6246.27,4.17,,,57.9
CMP-2766,2025-03-11,Display,Brand,US,187.88,50471,58,,,0.11,3.24,,68.3
CMP-5185,2025-03-11,TikTok Ads,Retargeting,US,181.21,26771,406,22.0,1070.62,1.52,0.45,5.91,41.5
CMP-5342,2025-03-11,TikTok Ads,Retargeting,BR,86.01,14542,251,6.0,250.76,1.73,0.34,2.92,40.4
CMP-5568,2025-03-12,TikTok Ads,Prospecting,BR,157.67,24407,232,,,0.95,0.68,,
CMP-5268,2025-03-12,Google Search,Prospecting,BR,903.07,8937,423,25.0,3165.53,4.73,2.13,3.51,51.8
CMP-5015,2025-03-13,Display,Promo,DE,386.47,74414,120,0.0,0.0,0.16,3.22,0.0,51.5
CMP-7613,2025-03-13,Meta Ads,Promo,US,591.69,84132,1009,24.0,2163.86,1.2,0.59,3.66,49.7
CMP-2766,2025-03-13,Display,Brand,US,119.58,42675,56,,,0.13,2.14,,60.7
CMP-3386,2025-03-13,Google Search,Brand,US,332.54,5921,265,14.0,1705.83,4.48,1.25,5.13,26.7
CMP-5015,2025-03-14,Display,Promo,DE,434.24,111471,184,,,0.17,2.36,,29.6
CMP-7017,2025-03-14,Display,Prospecting,IN,174.98,47880,77,,,0.16,2.27,,54.8
CMP-4885,2025-03-14,Google Search,Retargeting,US,611.67,8891,703,95.0,11174.62,7.91,0.87,18.27,35.7
CMP-4962,2025-03-14,Google Search,Prospecting,UK,,11527,507,24.0,2612.37,4.4,,,81.1
CMP-5834,2025-03-15,Email,Promo,BR,75.07,5174,145,1.0,41.25,2.8,0.52,0.55,
CMP-9700,2025-03-15,Meta Ads,Retargeting,IN,424.63,47909,981,53.0,4283.97,2.05,0.43,10.09,70.9
CMP-1266,2025-03-15,Display,Retargeting,US,963.8,347140,926,48.0,5675.27,0.27,1.04,5.89,14.0
CMP-6838,2025-03-16,Meta Ads,Promo,DE,448.65,49445,581,12.0,842.12,1.18,0.77,1.88,66.8
CMP-1148,2025-03-16,TikTok Ads,Prospecting,DE,154.95,26410,250,,,0.95,0.62,,59.0
CMP-5803,2025-03-16,Display,Promo,IN,211.9,42748,65,2.0,367.1,0.15,3.26,1.73,45.5
CMP-1266,2025-03-16,Display,Retargeting,US,127.7,33743,82,1.0,84.38,0.24,1.56,0.66,39.3
CMP-6704,2025-03-16,Meta Ads,Prospecting,US,,162733,1899,46.0,4285.47,1.17,,,53.6
CMP-5929,2025-03-17,Meta Ads,Prospecting,DE,391.84,34895,430,9.0,680.75,1.23,0.91,1.74,47.0
CMP-1266,2025-03-17,Display,Retargeting,US,104.17,32987,78,5.0,462.18,0.24,1.34,4.44,37.0
CMP-5539,2025-03-17,TikTok Ads,Prospecting,US,98.36,15241,147,,,0.96,0.67,,58.4
CMP-6318,2025-03-17,Google Search,Brand,UK,544.8,7456,309,18.0,2454.46,4.14,1.76,4.51,59.1
CMP-4124,2025-03-17,Meta Ads,Prospecting,UK,98.78,10750,113,1.0,49.83,1.05,0.87,41.5,56.6
CMP-7148,2025-03-18,Google Search,Prospecting,IN,850.98,11361,512,22.0,2572.71,4.51,1.66,3.02,64.8
CMP-5185,2025-03-18,TikTok Ads,Retargeting,US,125.73,25909,458,15.0,822.88,1.77,0.27,6.54,18.2
CMP-6704,2025-03-19,Meta Ads,Prospecting,US,320.38,38376,452,11.0,1071.32,1.18,0.71,3.34,68.3
CMP-4885,2025-03-19,Google Search,Retargeting,US,845.53,11093,934,111.0,12348.24,8.42,0.91,14.6,29.9
CMP-4194,2025-03-19,LinkedIn Ads,Prospecting,UK,,8507,50,,,0.59,,,48.6
CMP-5929,2025-03-19,Meta Ads,Prospecting,DE,247.11,30284,358,9.0,623.7,1.18,0.69,2.52,55.5
CMP-1623,2025-03-20,Google Search,Prospecting,US,218.74,2673,106,7.0,624.46,3.97,2.06,2.85,49.9
CMP-4080,2025-03-20,LinkedIn Ads,Promo,IN,,5673,27,0.0,0.0,0.48,,,51.5
CMP-1623,2025-03-20,Google Search,Prospecting,US,805.01,11246,528,29.0,3321.1,4.7,1.52,4.13,
CMP-9946,2025-03-20,Email,Brand,IN,61.08,4076,124,3.0,356.48,3.04,0.49,5.84,63.4
CMP-4175,2025-03-21,Meta Ads,Retargeting,US,240.45,22848,485,29.0,2283.65,2.12,0.5,9.5,36.1
CMP-9397,2025-03-21,TikTok Ads,Promo,BR,151.08,21325,185,1.0,21.69,0.87,0.82,0.14,43.7
CMP-6704,2025-03-21,Meta Ads,Prospecting,US,591.5,95972,1142,30.0,3070.02,1.19,0.52,5.19,47.4
CMP-4885,2025-03-21,Google Search,Retargeting,US,,7056,557,66.0,7612.42,7.89,,,53.1
CMP-7148,2025-03-22,Google Search,Prospecting,IN,289.64,4415,171,10.0,1132.7,3.87,1.69,3.91,51.2
CMP-3020,2025-03-22,Display,Prospecting,DE,,42233,57,,,0.13,,,
CMP-4194,2025-03-22,LinkedIn Ads,Prospecting,UK,1020.34,32149,199,10.0,2803.28,0.62,5.13,2.75,52.5
CMP-6704,2025-03-22,Meta Ads,Prospecting,US,,78930,943,16.0,1304.67,1.19,,,49.9
CMP-1266,2025-03-22,Display,Retargeting,US,60.72,17465,49,2.0,283.87,0.28,1.24,4.68,25.3
CMP-4619,2025-03-22,Google Search,Retargeting,IN,1027.21,17306,1493,188.0,22709.29,8.63,0.69,22.11,43.3
CMP-3596,2025-03-22,Email,Retargeting,UK,35.17,2249,115,,,5.11,0.31,,
CMP-4885,2025-03-23,Google Search,Retargeting,US,,3728,315,34.0,4574.5,8.45,,,23.2
CMP-5568,2025-03-23,TikTok Ads,Prospecting,BR,152.23,27351,251,,,0.92,0.61,,60.9
CMP-6360,2025-03-23,Google Search,Prospecting,DE,269.38,3675,155,640.0,1078.49,4.22,1.74,4.0,47.1
CMP-5805,2025-03-23,Email,Promo,US,29.77,2849,74,5.0,282.73,2.6,0.4,9.5,48.3
CMP-3840,2025-03-24,LinkedIn Ads,Retargeting,UK,389.78,15765,175,15.0,5670.91,1.11,2.23,14.55,
CMP-3120,2025-03-24,Google Search,Brand,IN,471.53,7658,345,,,4.51,1.37,,47.2
CMP-7613,2025-03-24,Meta Ads,Promo,US,325.14,35344,440,13.0,951.2,1.24,0.74,2.93,
CMP-2746,2025-03-25,LinkedIn Ads,Brand,US,385.06,9919,56,3.0,732.06,0.56,6.88,1.9,44.5
CMP-4194,2025-03-25,LinkedIn Ads,Prospecting,UK,509.77,12831,72,5.0,1689.78,0.56,7.08,3.31,46.3
CMP-3795,2025-03-25,Display,Prospecting,US,61.75,13558,16,,,0.12,3.86,,58.4
CMP-5539,2025-03-26,TikTok Ads,Prospecting,US,192.03,33494,282,,,0.84,0.68,,54.1
CMP-1623,2025-03-26,Google Search,Prospecting,US,435.54,4677,214,14.0,1652.93,4.58,2.04,3.8,50.9
CMP-1148,2025-03-26,TikTok Ads,Prospecting,DE,165.39,24062,239,,,0.99,0.69,,45.7
CMP-4124,2025-03-26,Meta Ads,Prospecting,UK,99.02,12663,129,5.0,419.27,1.02,0.77,4.23,46.9
CMP-2341,2025-03-26,LinkedIn Ads,Brand,UK,191.47,5539,32,,,0.58,5.98,,28.7
CMP-6704,2025-03-26,Meta Ads,Prospecting,US,1057.68,88842,1013,21.0,1688.86,1.14,1.04,1.6,
CMP-1215,2025-03-26,Display,Prospecting,UK,454.25,142782,236,,,0.17,1.92,,43.6
CMP-5539,2025-03-27,TikTok Ads,Prospecting,US,192.63,27116,244,5.0,166.03,0.9,0.79,0.86,51.5
CMP-9700,2025-03-27,Meta Ads,Retargeting,IN,361.91,39698,855,47.0,3814.0,2.15,0.42,10.54,47.8
CMP-6646,2025-03-27,LinkedIn Ads,Prospecting,US,274.86,7903,54,,,0.68,5.09,,42.4
CMP-9001,2025-03-27,Display,Promo,UK,215.7,71036,107,2.0,147.41,0.15,2.02,0.68,41.4
CMP-4175,2025-03-27,Meta Ads,Retargeting,US,504.88,58826,1301,58.0,4466.75,2.21,0.39,8.85,49.3
CMP-6318,2025-03-27,Google Search,Brand,UK,422.82,5526,251,20.0,2073.19,4.54,1.68,4.9,53.5
CMP-7984,2025-03-27,TikTok Ads,Brand,US,313.12,57531,523,,,0.91,0.6,,38.6
CMP-3386,2025-03-27,Google Search,Brand,US,330.04,5207,241,12.0,1226.25,4.63,1.37,3.72,47.8
CMP-3795,2025-03-27,Display,Prospecting,US,306.07,71663,94,1.0,131.04,0.13,3.26,0.43,50.8
CMP-7148,2025-03-28,Google Search,Prospecting,IN,519.92,10478,475,30.0,4232.95,4.53,1.09,8.14,55.4
CMP-9700,2025-03-28,Meta Ads,Retargeting,IN,,27817,632,30.0,2819.08,2.27,,,44.3
CMP-1710,2025-03-29,TikTok Ads,Retargeting,IN,97.19,14345,237,7.0,272.2,1.65,0.41,2.8,38.3
CMP-1623,2025-03-30,Google Search,Prospecting,US,1070.21,14476,662,48.0,6174.82,4.57,1.62,5.77,35.7
CMP-4175,2025-03-30,Meta Ads,Retargeting,US,174.85,18515,388,27.0,2254.95,2.1,0.45,12.9,37.4
CMP-9946,2025-03-30,Email,Brand,IN,8.5,748,21,0.0,0.0,2.81,0.4,0.0,
CMP-7278,2025-03-30,LinkedIn Ads,Promo,UK,285.76,9303,48,3.0,770.99,0.52,5.95,2.7,46.0
CMP-9278,2025-03-31,Display,Promo,US,160.09,42344,59,1.0,46.69,0.14,2.71,0.29,25.0
CMP-2795,2025-03-31,Display,Brand,BR,108.14,26102,40,,,0.15,2.7,,61.2
CMP-8201,2025-03-31,Meta Ads,Brand,IN,184.6,23442,280,,,1.19,0.66,,40.5
CMP-3831,2025-03-31,Google Search,Retargeting,DE,357.65,3719,304,42.0,5307.86,8.17,1.18,14.84,45.9
CMP-5185,2025-03-31,TikTok Ads,Retargeting,US,226.63,27045,444,,,1.64,0.51,,43.4
CMP-6646,2025-03-31,LinkedIn Ads,Prospecting,US,295.55,10680,58,4.0,1825.72,61.0,5.1,6.18,51.5
CMP-2766,2025-04-01,Display,Brand,US,248.77,68064,118,2.0,364.65,0.17,2.11,1.47,51.0
CMP-5528,2025-04-01,Email,Promo,UK,38.3,2427,64,1.0,88.53,2.64,0.6,2.31,
CMP-9700,2025-04-01,Meta Ads,Retargeting,IN,125.03,15048,327,11.0,844.76,2.17,0.38,6.76,52.2
CMP-8163,2025-04-02,Display,Brand,IN,393.28,135298,209,,,0.15,1.88,,50.6
CMP-1623,2025-04-02,Google Search,Prospecting,US,52.54,617,20,1.0,318.32,3.24,2.63,6.06,68.6
CMP-7413,2025-04-02,Meta Ads,Brand,DE,212.18,25466,291,,,1.14,0.73,,62.5
CMP-4346,2025-04-02,LinkedIn Ads,Promo,US,565.7,12531,90,4.0,1762.64,0.72,6.29,3.12,57.8
CMP-3795,2025-04-02,Display,Prospecting,US,180.04,46416,69,1.0,114.52,0.15,2.61,0.64,
CMP-6360,2025-04-03,Google Search,Prospecting,DE,183.81,2201,99,,,4.5,1.86,,47.7
CMP-9642,2025-04-03,LinkedIn Ads,Retargeting,IN,597.9,17664,190,20.0,8181.65,1.08,3.15,13.68,48.1
CMP-9926,2025-04-03,Meta Ads,Prospecting,IN,535.52,66014,783,15.0,1205.73,1.19,0.68,2.25,41.4
CMP-3631,2025-04-03,Google Search,Promo,IN,708.35,11399,517,34.0,4131.5,4.54,1.37,5.83,53.7
CMP-9693,2025-04-03,Email,Retargeting,BR,89.35,6641,363,33.0,3101.21,5.47,0.25,34.71,50.3
CMP-3898,2025-04-04,Meta Ads,Retargeting,UK,216.02,23679,473,37.0,3065.49,2.0,0.46,14.19,37.5
CMP-3840,2025-04-04,LinkedIn Ads,Retargeting,UK,103.18,2716,36,,,1.33,2.87,,23.5
CMP-1215,2025-04-04,Display,Prospecting,UK,,131130,190,4.0,534.98,0.14,,,35.3
CMP-4175,2025-04-04,Meta Ads,Retargeting,US,284.0,32961,740,50.0,3932.11,2.25,0.38,13.85,22.4
CMP-9278,2025-04-05,Display,Promo,US,138.1,60327,96,2.0,165.83,0.16,1.44,1.2,49.7
CMP-6048,2025-04-05,Email,Retargeting,US,18.66,1128,50,5.0,392.87,4.43,0.37,21.05,
CMP-9700,2025-04-05,Meta Ads,Retargeting,IN,207.15,17922,420,18.0,1454.54,2.34,0.49,7.02,44.3
CMP-1215,2025-04-05,Display,Prospecting,UK,241.88,78292,109,,,0.14,2.22,,43.6
CMP-1623,2025-04-05,Google Search,Prospecting,US,603.69,8474,384,17.0,2287.47,4.53,1.57,3.79,33.6
CMP-4619,2025-04-06,Google Search,Retargeting,IN,250.99,3026,258,21.0,2298.61,8.53,0.97,9.16,39.9
CMP-8912,2025-04-06,Meta Ads,Retargeting,DE,414.99,40173,816,44.0,3518.06,2.03,0.51,8.48,59.3
CMP-6838,2025-04-06,Meta Ads,Promo,DE,,49169,614,11.0,883.2,1.25,,,59.7
CMP-8123,2025-04-07,Google Search,Brand,DE,654.3,5920,272,13.0,1525.28,4.59,2.41,2.33,61.0
CMP-4175,2025-04-07,Meta Ads,Retargeting,US,258.3,27448,585,20.0,1934.42,2.13,0.44,7.49,39.2
CMP-5568,2025-04-07,TikTok Ads,Prospecting,BR,139.32,22847,222,6.0,298.82,0.97,0.63,2.14,56.2
CMP-8854,2025-04-07,LinkedIn Ads,Retargeting,DE,,59066,616,,,1.04,,,50.9
CMP-1623,2025-04-07,Google Search,Prospecting,US,558.84,6470,316,21.0,2330.68,4.88,1.77,4.17,42.4
CMP-1368,2025-04-08,Google Search,Brand,BR,518.5,3919,161,14.0,1866.23,4.11,3.22,3.6,63.0
CMP-9946,2025-04-08,Email,Brand,IN,76.88,5282,138,8.0,807.1,2.61,0.56,10.5,
CMP-9240,2025-04-08,TikTok Ads,Promo,US,261.78,48639,457,4.0,151.78,0.94,0.57,0.58,45.1
CMP-4962,2025-04-08,Google Search,Prospecting,UK,392.38,5251,267,,,5.08,1.47,,49.2
CMP-5262,2025-04-09,TikTok Ads,Prospecting,UK,104.45,16434,156,1.0,30.78,0.95,0.67,0.29,64.3
CMP-6791,2025-04-09,Display,Retargeting,IN,91.54,27571,72,1.0,116.87,0.26,1.27,1.28,27.6
CMP-2149,2025-04-09,TikTok Ads,Promo,IN,129.5,17742,166,4.0,233.55,0.94,0.78,1.8,28.7
CMP-3171,2025-04-09,LinkedIn Ads,Prospecting,IN,134.34,3708,18,4.0,1144.03,0.49,7.46,8.52,67.0
CMP-4124,2025-04-09,Meta Ads,Prospecting,UK,258.51,24159,281,6.0,399.06,1.16,0.92,1.54,50.2
CMP-5539,2025-04-09,TikTok Ads,Prospecting,US,199.8,34057,322,,,0.95,0.62,,41.7
CMP-6360,2025-04-09,Google Search,Prospecting,DE,480.16,6404,309,26.0,2894.05,4.83,1.55,6.03,52.8
CMP-4194,2025-04-10,LinkedIn Ads,Prospecting,UK,,9199,64,3.0,1193.7,0.7,,,43.8
CMP-5539,2025-04-10,TikTok Ads,Prospecting,US,314.41,51250,469,8.0,370.64,0.92,0.67,1.18,55.9
CMP-4124,2025-04-10,Meta Ads,Prospecting,UK,225.1,23878,289,7.0,546.64,1.21,0.78,2.43,42.6
CMP-1785,2025-04-11,Email,Retargeting,DE,23.71,2687,139,10.0,648.84,5.17,0.17,27.37,
CMP-1623,2025-04-11,Google Search,Prospecting,US,367.9,5470,262,16.0,1715.32,4.79,1.4,4.66,42.5
CMP-1266,2025-04-11,Display,Retargeting,US,309.08,86740,231,8.0,982.11,0.27,1.34,3.18,43.8
CMP-5539,2025-04-11,TikTok Ads,Prospecting,US,4850.0,27707,260,3.0,160.85,0.94,0.67,0.93,41.8
CMP-3020,2025-04-11,Display,Prospecting,DE,132.56,53214,82,2.0,102.09,0.15,1.62,0.77,52.0
CMP-3898,2025-04-11,Meta Ads,Retargeting,UK,,31054,676,45.0,3276.1,2.18,,,47.5
CMP-7613,2025-04-12,Meta Ads,Promo,US,376.68,34088,416,6.0,507.91,1.22,0.91,1.35,50.9
CMP-6274,2025-04-12,Email,Prospecting,US,49.54,3970,95,1.0,146.65,2.39,0.52,2.96,56.2
CMP-5929,2025-04-12,Meta Ads,Prospecting,DE,,125769,1558,44.0,3168.37,1.24,,,27.9
CMP-4619,2025-04-13,Google Search,Retargeting,IN,590.27,5396,416,58.0,8347.96,7.71,1.42,14.14,26.8
CMP-4619,2025-04-13,Google Search,Retargeting,IN,366.96,5789,474,66.0,8582.8,8.19,0.77,23.39,38.2
CMP-6048,2025-04-13,Email,Retargeting,US,22.31,1677,79,7.0,546.29,4.71,0.28,24.49,51.7
CMP-7375,2025-04-13,Display,Brand,DE,148.39,48442,74,,,0.15,2.01,,69.3
CMP-8251,2025-04-13,Google Search,Retargeting,BR,808.72,12394,1001,117.0,14564.55,8.08,0.81,18.01,10.6
CMP-1419,2025-04-13,LinkedIn Ads,Prospecting,BR,101.86,3010,17,1.0,706.15,0.56,5.99,6.93,
CMP-6838,2025-04-14,Meta Ads,Promo,DE,763.36,71488,833,16.0,1255.05,1.17,0.92,1.64,65.6
CMP-7613,2025-04-14,Meta Ads,Promo,US,843.5,98942,1156,26.0,2299.9,1.17,0.73,2.73,57.1
CMP-9700,2025-04-14,Meta Ads,Retargeting,IN,354.16,32861,668,43.0,3605.18,2.03,0.53,10.18,19.3
CMP-4962,2025-04-14,Google Search,Prospecting,UK,167.42,2654,113,5.0,478.46,4.26,1.48,2.86,43.8
CMP-9700,2025-04-14,Meta Ads,Retargeting,IN,274.71,30303,588,37.0,3036.15,1.94,0.47,11.05,57.0
CMP-9001,2025-04-15,Display,Promo,UK,227.28,73785,126,,,0.17,1.8,,41.1
CMP-6791,2025-04-15,Display,Retargeting,IN,209.29,55048,141,4.0,404.16,0.26,1.48,1.93,18.6
CMP-2676,2025-04-15,Meta Ads,Brand,US,148.11,12738,139,4.0,375.98,1.09,1.07,2.54,
CMP-9409,2025-04-15,Google Search,Promo,US,464.34,4534,196,9.0,830.21,4.32,2.37,1.79,77.3
CMP-9700,2025-04-16,Meta Ads,Retargeting,IN,209.6,33716,721,39.0,3549.02,2.14,0.29,16.93,36.1
CMP-1936,2025-04-16,TikTok Ads,Prospecting,IN,293.73,52704,504,,,0.96,0.58,,28.7
CMP-4117,2025-04-16,LinkedIn Ads,Retargeting,US,87.45,2304,18,2.0,549.74,0.78,4.86,6.29,
CMP-6791,2025-04-16,Display,Retargeting,IN,141.69,46110,123,,,0.27,1.15,,
CMP-5185,2025-04-17,TikTok Ads,Retargeting,US,,16858,280,9.0,416.42,1.66,,,39.5
CMP-6318,2025-04-17,Google Search,Brand,UK,1641.35,18316,794,46.0,5731.33,4.34,2.07,3.49,32.7
CMP-5539,2025-04-17,TikTok Ads,Prospecting,US,,28422,247,,,0.87,,,63.4
CMP-3898,2025-04-17,Meta Ads,Retargeting,UK,,23054,496,,,2.15,,,
CMP-1266,2025-04-17,Display,Retargeting,US,191.12,69064,187,9.0,676.99,0.27,1.02,3.54,
CMP-4962,2025-04-17,Google Search,Prospecting,UK,610.42,8875,430,,,4.85,1.42,,51.5
CMP-4175,2025-04-18,Meta Ads,Retargeting,US,785.0,66646,1486,89.0,6760.23,2.23,0.53,8.61,45.9
CMP-9278,2025-04-18,Display,Promo,US,135.01,27472,36,,,0.13,3.75,,
CMP-6957,2025-04-18,Google Search,Promo,UK,,4938,216,,,4.37,,,58.0
CMP-3386,2025-04-18,Google Search,Brand,US,444.1,5700,246,14.0,1421.27,4.32,1.81,3.2,30.5
CMP-4194,2025-04-18,LinkedIn Ads,Prospecting,UK,185.59,6378,42,3.0,1077.25,0.66,4.42,5.8,59.9
CMP-2341,2025-04-18,LinkedIn Ads,Brand,UK,351.22,12920,77,,,0.6,4.56,,51.2
CMP-4619,2025-04-19,Google Search,Retargeting,IN,552.13,6810,546,75.0,9861.72,8.02,1.01,17.86,57.5
CMP-8201,2025-04-19,Meta Ads,Brand,IN,259.33,18011,214,6.0,393.02,1.19,1.21,1.52,64.1
CMP-1349,2025-04-19,Meta Ads,Prospecting,BR,90.32,11518,133,2.0,107.43,1.15,0.68,1.19,47.4
CMP-4977,2025-04-19,TikTok Ads,Promo,DE,186.04,25266,236,,,0.93,0.79,,57.0
CMP-1349,2025-04-19,Meta Ads,Prospecting,BR,,10417,115,6.0,461.18,1.1,,,60.9
CMP-5185,2025-04-19,TikTok Ads,Retargeting,US,,27616,445,,,1.61,,,54.0
CMP-8123,2025-04-19,Google Search,Brand,DE,211.44,3188,157,11.0,1467.37,4.92,1.35,6.94,56.3
CMP-2445,2025-04-20,Email,Retargeting,IN,62.06,5625,257,28.0,2525.48,4.57,0.24,40.69,33.2
CMP-1047,2025-04-20,Email,Prospecting,BR,27.43,2404,64,1.0,78.22,2.66,0.43,2.85,49.5
CMP-1419,2025-04-20,LinkedIn Ads,Prospecting,BR,387.43,8225,49,2.0,808.96,0.6,7.91,2.09,67.7
CMP-2766,2025-04-20,Display,Brand,US,80.4,27050,38,0.0,0.0,0.14,2.12,0.0,69.5
CMP-1936,2025-04-21,TikTok Ads,Prospecting,IN,220.25,30412,264,3.0,178.39,0.87,0.83,0.81,56.5
CMP-7817,2025-04-21,Google Search,Retargeting,UK,242.47,3138,224,,,7.14,1.08,,34.3
CMP-4117,2025-04-21,LinkedIn Ads,Retargeting,US,437.58,13122,151,11.0,3221.12,1.15,2.9,7.36,53.6
CMP-4124,2025-04-21,Meta Ads,Prospecting,UK,96.74,11044,142,8.0,732.12,1.29,0.68,7.57,65.7
CMP-4885,2025-04-21,Google Search,Retargeting,US,817.9,15425,1241,144.0,19063.41,8.05,0.66,23.31,38.7
CMP-6646,2025-04-21,LinkedIn Ads,Prospecting,US,100.85,1920,13,0.0,0.0,0.68,7.76,0.0,18.1
CMP-2383,2025-04-21,LinkedIn Ads,Prospecting,DE,177.28,4043,30,1.0,327.82,0.74,5.91,1.85,49.0
CMP-6646,2025-04-21,LinkedIn Ads,Prospecting,US,245.21,7005,35,4.0,1101.55,0.5,7.01,4.49,48.6
CMP-2746,2025-04-21,LinkedIn Ads,Brand,US,177.28,4223,26,2.0,634.76,0.62,6.82,3.58,46.0
CMP-4346,2025-04-22,LinkedIn Ads,Promo,US,55.11,1729,10,0.0,0.0,0.58,5.51,0.0,44.1
CMP-8912,2025-04-22,Meta Ads,Retargeting,DE,1012.45,104758,2229,117.0,9913.66,2.13,0.45,9.79,34.4
CMP-5539,2025-04-22,TikTok Ads,Prospecting,US,205.88,35850,325,7.0,366.55,0.91,0.63,1.78,57.3
CMP-5528,2025-04-22,Email,Promo,UK,27.03,1553,41,2.0,180.45,2.64,0.66,6.68,
CMP-4962,2025-04-22,Google Search,Prospecting,UK,398.5,4451,203,,,4.56,1.96,,47.5
CMP-4962,2025-04-23,Google Search,Prospecting,UK,262.22,3216,156,,,4.85,1.68,,29.4
CMP-2383,2025-04-23,LinkedIn Ads,Prospecting,DE,264.53,5132,42,3.0,756.08,0.82,6.3,2.86,46.7
CMP-6274,2025-04-23,Email,Prospecting,US,33.51,2462,88,3.0,284.59,3.57,0.38,8.49,66.8
CMP-6838,2025-04-23,Meta Ads,Promo,DE,335.3,31769,339,15.0,1257.69,1.07,0.99,3.75,56.3
CMP-7336,2025-04-23,Meta Ads,Promo,UK,3417.76,403142,4787,118.0,9838.97,1.19,0.71,2.88,57.7
CMP-5539,2025-04-23,TikTok Ads,Prospecting,US,170.24,33201,366,,,1.1,0.47,,33.1
CMP-5539,2025-04-23,TikTok Ads,Prospecting,US,186.82,27323,229,,,0.84,0.82,,54.3
CMP-6646,2025-04-24,LinkedIn Ads,Prospecting,US,279.85,7439,41,2.0,869.88,0.55,6.83,3.11,59.3
CMP-5528,2025-04-24,Email,Promo,UK,27.44,2430,77,1.0,44.28,3.17,0.36,1.61,47.9
CMP-5997,2025-04-24,Email,Prospecting,UK,18.09,1661,56,2.0,220.42,3.37,0.32,12.18,51.9
CMP-9409,2025-04-24,Google Search,Promo,US,1054.1,11772,501,27.0,3183.79,4.26,2.1,3.02,55.6
CMP-7336,2025-04-24,Meta Ads,Promo,UK,177.2,17616,209,3.0,159.36,1.19,0.85,0.9,52.3
CMP-9922,2025-04-24,TikTok Ads,Retargeting,DE,75.55,14464,244,8.0,21400.0,1.69,0.31,5.45,44.6
CMP-2097,2025-04-24,Email,Brand,UK,27.54,2431,77,5.0,362.66,3.17,0.36,13.17,64.0
CMP-9278,2025-04-25,Display,Promo,US,544.01,176150,247,4.0,507.43,0.14,2.2,0.93,60.9
CMP-4885,2025-04-25,Google Search,Retargeting,US,353.8,5313,399,49.0,5937.18,7.51,0.89,16.78,43.6
CMP-1623,2025-04-25,Google Search,Prospecting,US,647.57,9572,408,19.0,2327.35,4.26,1.59,3.59,35.5
CMP-8163,2025-04-25,Display,Brand,IN,208.9,59432,99,,,0.17,2.11,,52.5
CMP-2746,2025-04-26,LinkedIn Ads,Brand,US,108.28,2750,19,0.0,0.0,0.69,5.7,0.0,63.4
CMP-6274,2025-04-26,Email,Prospecting,US,17.86,1082,28,2.0,227.23,2.59,0.64,12.72,
CMP-4885,2025-04-26,Google Search,Retargeting,US,677.39,12993,1054,156.0,19691.41,8.11,0.64,29.07,36.8
CMP-7984,2025-04-26,TikTok Ads,Brand,US,162.67,37807,325,4.0,231.57,0.86,0.5,1.42,65.5
CMP-1623,2025-04-26,Google Search,Prospecting,US,209.87,3224,125,7.0,984.62,3.88,1.68,4.69,57.9
CMP-6274,2025-04-26,Email,Prospecting,US,53.19,3742,105,4.0,298.89,2.81,0.51,5.62,65.0
CMP-3898,2025-04-27,Meta Ads,Retargeting,UK,348.47,37942,849,,,2.24,0.41,,42.3
CMP-1419,2025-04-27,LinkedIn Ads,Prospecting,BR,386.37,11611,69,3.0,1304.84,0.59,5.6,3.38,23.0
CMP-1710,2025-04-27,TikTok Ads,Retargeting,IN,294.29,41536,690,35.0,1647.08,1.66,0.43,5.6,32.4
CMP-8251,2025-04-27,Google Search,Retargeting,BR,304.36,4951,376,49.0,5843.77,7.59,0.81,19.2,41.2
CMP-6704,2025-04-27,Meta Ads,Prospecting,US,663.68,72664,913,34.0,2456.12,1.26,0.73,3.7,55.8
CMP-9642,2025-04-28,LinkedIn Ads,Retargeting,IN,185.45,4296,63,6.0,2512.7,1.47,2.94,13.55,21.9
CMP-7017,2025-04-28,Display,Prospecting,IN,136.05,43955,58,,,0.13,2.35,,69.9
CMP-2746,2025-04-29,LinkedIn Ads,Brand,US,394.67,7814,45,4.0,1054.59,0.58,8.77,2.67,46.2
CMP-8912,2025-04-29,Meta Ads,Retargeting,DE,,38012,811,,,2.13,,,49.5
CMP-5539,2025-04-29,TikTok Ads,Prospecting,US,118.14,21822,199,,,0.91,0.59,,41.4
CMP-4885,2025-04-30,Google Search,Retargeting,US,195.89,2141,183,21.0,2395.94,8.55,1.07,12.23,29.4
CMP-5185,2025-04-30,TikTok Ads,Retargeting,US,172.13,22851,359,,,1.57,0.48,,35.0
CMP-6704,2025-05-01,Meta Ads,Prospecting,US,384.43,42664,518,17.0,1461.11,1.21,0.74,3.8,31.9
CMP-9409,2025-05-01,Google Search,Promo,US,1050.47,16430,750,48.0,5422.03,4.56,1.4,5.16,80.5
CMP-4117,2025-05-01,LinkedIn Ads,Retargeting,US,168.46,3645,41,3.0,952.69,1.12,4.11,5.66,
CMP-6646,2025-05-01,LinkedIn Ads,Prospecting,US,246.42,7613,43,2.0,729.66,0.56,5.73,2.96,47.7
CMP-7613,2025-05-01,Meta Ads,Promo,US,763.32,88001,970,25.0,2117.69,1.1,0.79,2.77,59.4
CMP-1623,2025-05-02,Google Search,Prospecting,US,824.9,7529,344,24.0,3489.57,4.57,2.4,4.23,46.5
CMP-1047,2025-05-02,Email,Prospecting,BR,98.98,6789,180,8.0,631.66,2.65,0.55,6.38,66.7
CMP-9001,2025-05-02,Display,Promo,UK,71.84,16435,28,,,0.17,2.57,,62.7
CMP-2445,2025-05-02,Email,Retargeting,IN,,1742,88,12.0,947.49,5.05,,,
CMP-2799,2025-05-02,Email,Prospecting,IN,32.29,2414,59,4.0,223.94,2.44,0.55,6.94,
CMP-5539,2025-05-02,TikTok Ads,Prospecting,US,196.96,43141,392,8.0,364.95,0.91,0.5,1.85,42.9
CMP-4619,2025-05-03,Google Search,Retargeting,IN,352.87,3889,299,41.0,4804.38,7.69,1.18,13.62,43.6
CMP-3795,2025-05-03,Display,Prospecting,US,101.26,35748,49,0.0,0.0,0.14,2.07,0.0,35.7
CMP-3795,2025-05-03,Display,Prospecting,US,669.2,196477,295,2.0,241.98,0.15,2.27,0.36,56.7
CMP-7613,2025-05-04,Meta Ads,Promo,US,,146624,1768,47.0,3940.86,1.21,,,76.3
CMP-3795,2025-05-04,Display,Prospecting,US,49.24,12408,11,,,0.09,4.48,,64.4
CMP-6704,2025-05-04,Meta Ads,Prospecting,US,402.68,54629,631,19.0,1428.6,1.16,0.64,3.55,
CMP-4346,2025-05-04,LinkedIn Ads,Promo,US,262.24,7538,46,3.0,1669.77,0.61,5.7,6.37,41.9
CMP-4124,2025-05-04,Meta Ads,Prospecting,UK,1552.26,160525,1939,40.0,3390.41,1.21,0.8,2.18,41.3
CMP-4885,2025-05-04,Google Search,Retargeting,US,138.57,1666,149,20.0,3130.0,8.94,0.93,22.59,39.2
CMP-1215,2025-05-05,Display,Prospecting,UK,131.0,28997,42,0.0,0.0,0.14,3.12,0.0,64.9
CMP-6048,2025-05-05,Email,Retargeting,US,,1604,77,6.0,546.24,4.8,,,
CMP-8143,2025-05-05,LinkedIn Ads,Brand,IN,129.44,2690,10,0.0,0.0,0.37,12.94,0.0,68.2
CMP-7017,2025-05-05,Display,Prospecting,IN,106.94,31806,35,0.0,0.0,0.11,3.06,0.0,54.4
CMP-5929,2025-05-05,Meta Ads,Prospecting,DE,218.93,29746,330,6.0,456.81,1.11,0.66,2.09,41.8
CMP-4175,2025-05-05,Meta Ads,Retargeting,US,222.2,23359,497,34.0,2835.53,2.13,0.45,12.76,61.2
CMP-5539,2025-05-05,TikTok Ads,Prospecting,US,371.4,62194,545,4.0,535.52,0.88,0.68,1.44,56.4
CMP-9409,2025-05-05,Google Search,Promo,US,457.12,6757,300,19.0,2546.85,4.44,1.52,5.57,44.0
CMP-6704,2025-05-05,Meta Ads,Prospecting,US,1356.83,150934,1833,54.0,4445.69,1.21,0.74,3.28,42.2
CMP-4885,2025-05-06,Google Search,Retargeting,US,416.3,4872,388,55.0,7901.66,7.96,1.07,18.98,42.2
CMP-3596,2025-05-06,Email,Retargeting,UK,19.4,1249,51,3.0,286.69,4.08,0.38,14.78,68.6
CMP-1215,2025-05-07,Display,Prospecting,UK,82.71,36702,53,2.0,217.56,0.14,1.56,2.63,53.8
CMP-6704,2025-05-07,Meta Ads,Prospecting,US,505.63,52619,631,16.0,1489.61,1.2,0.8,2.95,54.5
CMP-2676,2025-05-08,Meta Ads,Brand,US,,45664,555,10.0,693.36,1.22,,,44.4
CMP-4885,2025-05-08,Google Search,Retargeting,US,375.19,4912,418,65.0,8457.77,8.51,0.9,22.54,30.5
CMP-2746,2025-05-08,LinkedIn Ads,Brand,US,176.1,7785,43,1.0,275.09,0.55,4.1,1.56,63.6
CMP-5262,2025-05-08,TikTok Ads,Prospecting,UK,214.55,45318,395,,,0.87,0.54,,60.8
CMP-4885,2025-05-08,Google Search,Retargeting,US,229.81,3277,250,31.0,3617.09,7.63,0.92,15.74,
CMP-1879,2025-05-08,Google Search,Promo,BR,371.69,4993,224,,,4.49,1.66,,69.5
CMP-3386,2025-05-09,Google Search,Brand,US,,6616,269,18.0,2412.59,4.07,,,36.3
CMP-2341,2025-05-09,LinkedIn Ads,Brand,UK,103.06,2564,13,,,0.51,7.93,,61.2
CMP-8963,2025-05-09,TikTok Ads,Promo,UK,129.21,24580,209,,,0.85,0.62,,52.0
CMP-5539,2025-05-09,TikTok Ads,Prospecting,US,151.66,24999,215,,,0.86,0.71,,54.4
CMP-3596,2025-05-09,Email,Retargeting,UK,72.13,4406,227,26.0,2266.91,5.15,0.32,31.43,43.8
CMP-6838,2025-05-09,Meta Ads,Promo,DE,1147.52,140070,1680,,,1.2,0.68,,51.0
CMP-9700,2025-05-09,Meta Ads,Retargeting,IN,63.41,8710,191,10.0,641.69,2.19,0.33,10.12,37.7
CMP-8163,2025-05-10,Display,Brand,IN,183.41,66377,101,2.0,138.88,0.15,1.82,0.76,47.3
CMP-1215,2025-05-10,Display,Prospecting,UK,82.47,34398,74,,,0.22,1.11,,48.2
CMP-3171,2025-05-10,LinkedIn Ads,Prospecting,IN,261.32,7481,52,1.0,185.46,0.7,5.03,0.71,54.0
CMP-6838,2025-05-10,Meta Ads,Promo,DE,,38627,446,21.0,2045.53,1.15,,,72.3
CMP-7613,2025-05-10,Meta Ads,Promo,US,605.3,74320,846,12.0,1160.46,1.14,0.72,1.92,67.3
CMP-7613,2025-05-10,Meta Ads,Promo,US,497.54,54232,638,17.0,1720.91,1.18,0.78,3.46,48.3
CMP-2399,2025-05-10,Meta Ads,Brand,UK,3600.0,35782,446,11.0,767.4,1.25,0.81,2.14,49.8
CMP-4885,2025-05-10,Google Search,Retargeting,US,255.12,4343,363,50.0,5329.01,8.36,0.7,20.89,71.3
CMP-2011,2025-05-11,Email,Prospecting,DE,22.92,1515,43,1.0,56.55,2.84,0.53,2.47,
CMP-6704,2025-05-11,Meta Ads,Prospecting,US,154.73,18440,229,1.0,80.7,1.24,0.68,0.52,60.5
CMP-2445,2025-05-11,Email,Retargeting,IN,40.11,3273,181,15.0,1492.47,5.53,0.22,37.21,
CMP-3898,2025-05-11,Meta Ads,Retargeting,UK,405.88,43700,1001,48.0,3875.24,2.29,0.41,9.55,21.2
CMP-4175,2025-05-12,Meta Ads,Retargeting,US,306.51,35165,746,53.0,4443.77,2.12,0.41,14.5,
CMP-9989,2025-05-12,Display,Retargeting,UK,130.97,35292,105,2.0,129.31,0.3,1.25,0.99,29.1
CMP-4124,2025-05-12,Meta Ads,Prospecting,UK,768.07,109544,1310,29.0,2548.43,1.2,0.59,3.32,
CMP-2676,2025-05-12,Meta Ads,Brand,US,344.66,44726,541,10.0,775.3,1.21,0.64,2.25,72.8
CMP-6646,2025-05-12,LinkedIn Ads,Prospecting,US,154.51,3388,20,,,0.59,7.73,,51.9
CMP-3795,2025-05-12,Display,Prospecting,US,51.12,15239,22,,,0.14,2.32,,57.2
CMP-5539,2025-05-12,TikTok Ads,Prospecting,US,237.88,32962,286,6.0,276.55,0.87,0.83,1.16,39.3
CMP-3386,2025-05-13,Google Search,Brand,US,1323.09,16589,760,50.0,6216.17,4.58,1.74,4.7,57.6
CMP-3795,2025-05-13,Display,Prospecting,US,102.26,29561,47,1.0,84.58,0.16,2.18,0.83,58.5
CMP-4124,2025-05-13,Meta Ads,Prospecting,UK,141.79,11085,124,4.0,444.0,1.12,1.14,3.13,54.3
CMP-9278,2025-05-13,Display,Promo,US,335.46,90562,134,,,0.15,2.5,,62.0
CMP-8123,2025-05-13,Google Search,Brand,DE,219.6,2602,114,5.0,412.53,4.38,1.93,1.88,71.4
CMP-7817,2025-05-14,Google Search,Retargeting,UK,478.66,5727,486,64.0,7801.79,8.49,0.98,16.3,48.1
CMP-2766,2025-05-14,Display,Brand,US,184.75,43702,65,,,0.15,2.84,,52.0
CMP-7017,2025-05-15,Display,Prospecting,IN,232.74,54024,87,4.0,332.63,0.16,2.68,1.43,40.3
CMP-4885,2025-05-15,Google Search,Retargeting,US,564.96,11742,969,134.0,15374.99,8.25,0.58,27.21,43.7
CMP-3795,2025-05-15,Display,Prospecting,US,437.35,129462,191,2.0,179.01,0.15,2.29,0.41,49.1
CMP-4509,2025-05-15,TikTok Ads,Brand,IN,302.9,49873,449,6.0,316.23,0.9,0.67,1.04,43.0
CMP-4962,2025-05-15,Google Search,Prospecting,UK,398.3,5899,261,13.0,1784.54,4.42,1.53,4.48,50.9
CMP-7984,2025-05-15,TikTok Ads,Brand,US,367.09,53350,475,2.0,80.52,0.89,0.77,0.22,56.0
CMP-3831,2025-05-15,Google Search,Retargeting,DE,,6164,484,,,7.85,,,38.6
CMP-4117,2025-05-15,LinkedIn Ads,Retargeting,US,319.94,9109,90,6.0,1590.97,0.99,3.55,4.97,45.0
CMP-8912,2025-05-15,Meta Ads,Retargeting,DE,470.1,53720,1149,58.0,5703.33,2.14,0.41,12.13,45.4
CMP-3386,2025-05-16,Google Search,Brand,US,747.37,9814,429,31.0,3646.37,4.37,1.74,4.88,51.8
CMP-8912,2025-05-16,Meta Ads,Retargeting,DE,242.5,23058,490,32.0,2162.38,2.13,0.49,8.92,54.2
CMP-1785,2025-05-16,Email,Retargeting,DE,19.15,1364,86,11.0,701.11,6.3,0.22,36.61,
CMP-4124,2025-05-16,Meta Ads,Prospecting,UK,1154.13,116802,1452,39.0,2939.74,1.24,0.79,2.55,40.6
CMP-2843,2025-05-17,Google Search,Promo,DE,1274.11,16110,774,,,4.8,1.65,,59.6
CMP-6003,2025-05-17,Display,Retargeting,DE,257.88,77354,225,,,0.29,1.15,,32.2
CMP-5805,2025-05-17,Email,Promo,US,,1993,59,2.0,118.95,2.96,,,
CMP-4346,2025-05-17,LinkedIn Ads,Promo,US,590.84,16213,93,1.0,786.72,0.57,6.35,1.33,34.8
CMP-5805,2025-05-17,Email,Promo,US,39.25,2378,52,3.0,408.55,2.19,0.75,10.41,57.3
CMP-1266,2025-05-17,Display,Retargeting,US,,27181,79,4.0,559.63,0.29,,,30.1
CMP-5015,2025-05-17,Display,Promo,DE,207.35,68538,112,4.0,405.73,0.16,1.85,1.96,74.4
CMP-6274,2025-05-18,Email,Prospecting,US,16.44,1265,49,2.0,275.86,3.87,0.34,16.78,39.3
CMP-4194,2025-05-18,LinkedIn Ads,Prospecting,UK,,10675,69,2.0,636.23,0.65,,,36.4
CMP-6321,2025-05-18,Meta Ads,Brand,BR,513.33,98169,1157,31.0,2404.5,1.18,0.44,4.68,59.2
CMP-4962,2025-05-18,Google Search,Prospecting,UK,524.0,6035,286,20.0,2531.2,4.74,1.83,4.83,46.0
CMP-4117,2025-05-18,LinkedIn Ads,Retargeting,US,204.78,5615,62,8.0,3316.52,1.1,3.3,16.2,26.1
CMP-5539,2025-05-18,TikTok Ads,Prospecting,US,62.82,9806,89,1.0,37.51,0.91,0.71,0.6,57.2
CMP-4117,2025-05-18,LinkedIn Ads,Retargeting,US,126.96,3477,29,2.0,462.17,0.83,4.38,3.64,51.8
CMP-9001,2025-05-18,Display,Promo,UK,304.48,83455,117,,,0.14,2.6,,
CMP-4194,2025-05-18,LinkedIn Ads,Prospecting,UK,714.4,22035,134,9.0,3738.18,0.61,5.33,5.23,55.7
CMP-9240,2025-05-18,TikTok Ads,Promo,US,581.01,83716,737,10.0,659.05,0.88,0.79,1.13,53.8
CMP-1215,2025-05-19,Display,Prospecting,UK,,59187,82,,,0.14,,,44.7
CMP-2149,2025-05-19,TikTok Ads,Promo,IN,243.73,46608,463,,,0.99,0.53,,49.3
CMP-4175,2025-05-19,Meta Ads,Retargeting,US,167.57,16595,343,15.0,1374.37,2.07,0.49,8.2,22.9
CMP-1266,2025-05-19,Display,Retargeting,US,163.6,51120,134,5.0,422.74,0.26,1.22,2.58,35.0
CMP-4885,2025-05-19,Google Search,Retargeting,US,326.47,5824,408,42.0,5285.5,7.01,0.8,16.19,54.8
CMP-6274,2025-05-19,Email,Prospecting,US,9.7,678,27,1.0,108.34,3.98,0.36,11.17,58.5
CMP-3386,2025-05-19,Google Search,Brand,US,,2753,133,6.0,766.17,4.83,,,78.1
CMP-5997,2025-05-20,Email,Prospecting,UK,,2133,55,2.0,162.02,2.58,,,
CMP-9922,2025-05-20,TikTok Ads,Retargeting,DE,145.76,22054,358,,,1.62,0.41,,19.7
CMP-4010,2025-05-20,Meta Ads,Promo,IN,400.46,34848,431,15.0,1316.99,1.24,0.93,3.29,44.4
CMP-6646,2025-05-20,LinkedIn Ads,Prospecting,US,241.34,6703,43,1.0,307.94,0.64,5.61,1.28,67.7
CMP-1266,2025-05-21,Display,Retargeting,US,122.77,45150,112,4.0,295.25,0.25,1.1,2.4,36.6
CMP-1215,2025-05-21,Display,Prospecting,UK,,25390,45,,,0.18,,,
CMP-1349,2025-05-21,Meta Ads,Prospecting,BR,144.05,13852,150,3.0,196.51,1.08,0.96,1.36,30.5
CMP-3795,2025-05-21,Display,Prospecting,US,86.61,19032,28,0.0,0.0,0.15,3.09,0.0,48.9
CMP-1349,2025-05-22,Meta Ads,Prospecting,BR,368.7,43081,523,15.0,1304.36,1.21,0.7,3.54,50.0
CMP-8251,2025-05-22,Google Search,Retargeting,BR,869.29,11305,899,115.0,14359.91,7.95,0.97,16.52,61.2
CMP-4124,2025-05-22,Meta Ads,Prospecting,UK,1707.14,253988,3065,,,1.21,0.56,,
CMP-9409,2025-05-22,Google Search,Promo,US,74.92,909,36,1.0,102.44,3.96,2.08,1.37,33.1
CMP-2799,2025-05-22,Email,Prospecting,IN,75.53,4343,106,4.0,425.04,2.44,0.71,5.63,55.5
CMP-3631,2025-05-22,Google Search,Promo,IN,810.92,14381,694,47.0,5457.63,4.83,1.17,6.73,46.5
CMP-1623,2025-05-22,Google Search,Prospecting,US,582.03,7014,328,19.0,2067.23,4.68,1.77,3.55,47.7
CMP-6704,2025-05-23,Meta Ads,Prospecting,US,202.78,19918,232,5.0,342.38,1.16,0.87,1.69,62.6
CMP-1349,2025-05-23,Meta Ads,Prospecting,BR,193.73,20139,255,6.0,413.69,1.27,0.76,2.14,49.5
CMP-1414,2025-05-23,Email,Promo,DE,30.0,2213,60,1.0,144.33,2.71,0.5,4.81,43.6
CMP-2341,2025-05-23,LinkedIn Ads,Brand,UK,583.69,15813,94,3.0,761.32,0.59,6.21,1.3,49.3
CMP-5262,2025-05-23,TikTok Ads,Prospecting,UK,158.12,36920,343,,,0.93,0.46,,50.3
CMP-6838,2025-05-24,Meta Ads,Promo,DE,,27509,351,13.0,911.77,1.28,,,52.9
CMP-2361,2025-05-24,Display,Brand,UK,1094.77,368441,548,10.0,1064.13,0.15,2.0,0.97,57.1
CMP-4175,2025-05-24,Meta Ads,Retargeting,US,,68768,1527,70.0,5512.35,2.22,,,63.4
CMP-5834,2025-05-25,Email,Promo,BR,49.37,2396,75,0.0,0.0,3.13,0.66,0.0,
CMP-3831,2025-05-25,Google Search,Retargeting,DE,722.44,9600,757,101.0,11670.62,7.89,0.95,16.15,34.3
CMP-7984,2025-05-25,TikTok Ads,Brand,US,105.5,21359,177,3.0,142.0,0.83,0.6,1.35,53.1
CMP-3386,2025-05-26,Google Search,Brand,US,374.68,6415,311,20.0,2624.79,4.85,1.2,7.01,52.7
CMP-4175,2025-05-26,Meta Ads,Retargeting,US,306.1,29412,646,36.0,3093.82,2.2,0.47,10.11,49.1
CMP-7278,2025-05-26,LinkedIn Ads,Promo,UK,355.08,11586,77,4.0,1702.09,0.66,4.61,4.79,81.7
CMP-6704,2025-05-26,Meta Ads,Prospecting,US,188.17,30134,367,6.0,545.61,1.22,0.51,2.9,75.0
CMP-1623,2025-05-26,Google Search,Prospecting,US,607.12,8641,408,26.0,3598.74,4.72,1.49,5.93,29.2
CMP-4346,2025-05-27,LinkedIn Ads,Promo,US,284.14,8288,51,2.0,639.02,0.62,5.57,2.25,57.4
CMP-2011,2025-05-27,Email,Prospecting,DE,47.9,3663,103,3.0,440.03,2.81,0.47,9.19,49.4
CMP-4619,2025-05-27,Google Search,Retargeting,IN,,3792,315,35.0,3825.01,8.31,,,36.2
CMP-1879,2025-05-28,Google Search,Promo,BR,,17077,788,52.0,6763.26,4.61,,,15.7
CMP-8251,2025-05-28,Google Search,Retargeting,BR,311.18,4435,374,47.0,5097.52,8.43,0.83,16.38,45.1
CMP-1879,2025-05-29,Google Search,Promo,BR,443.35,4111,189,11.0,1731.22,4.6,2.35,3.9,58.9
CMP-1710,2025-05-29,TikTok Ads,Retargeting,IN,678.88,125736,2009,73.0,4512.42,1.6,0.34,6.65,50.1
CMP-4885,2025-05-29,Google Search,Retargeting,US,828.42,14067,1156,170.0,21640.38,8.22,0.72,26.12,
CMP-5268,2025-05-29,Google Search,Prospecting,BR,254.52,3922,179,6.0,657.52,4.56,1.42,2.58,
CMP-5568,2025-05-29,TikTok Ads,Prospecting,BR,353.67,59364,541,12.0,721.55,0.91,0.65,2.04,64.3
CMP-9278,2025-05-30,Display,Promo,US,198.6,43404,77,5.0,556.01,0.18,2.58,2.8,54.0
CMP-5568,2025-05-30,TikTok Ads,Prospecting,BR,152.14,35235,303,,,0.86,0.5,,47.4
CMP-9989,2025-05-30,Display,Retargeting,UK,,64607,173,9.0,800.64,0.27,,,49.6
CMP-6791,2025-05-30,Display,Retargeting,IN,731.38,178956,437,20.0,1650.18,0.24,1.67,2.26,41.9
CMP-3898,2025-05-30,Meta Ads,Retargeting,UK,153.55,14177,299,,,2.11,0.51,,37.6
CMP-9922,2025-05-30,TikTok Ads,Retargeting,DE,325.2,69740,1174,44.0,2649.04,1.68,0.28,8.15,
CMP-5539,2025-05-30,TikTok Ads,Prospecting,US,230.56,50129,461,,,0.92,0.5,,48.6
CMP-2097,2025-05-30,Email,Brand,UK,58.96,5626,147,,,2.61,0.4,,
CMP-6704,2025-05-31,Meta Ads,Prospecting,US,293.84,43418,520,11.0,1159.96,1.2,0.57,3.95,55.6
CMP-5185,2025-06-01,TikTok Ads,Retargeting,US,364.78,61525,991,34.0,2289.21,1.61,0.37,6.28,45.9
CMP-5803,2025-06-02,Display,Promo,IN,118.12,34440,48,0.0,0.0,0.14,2.46,0.0,26.3
CMP-1215,2025-06-02,Display,Prospecting,UK,240.36,44888,66,,,0.15,3.64,,44.7
CMP-2766,2025-06-02,Display,Brand,US,54.42,21132,33,,,0.16,1.65,,67.3
CMP-2733,2025-06-02,TikTok Ads,Retargeting,UK,244.71,38250,684,29.0,1560.96,1.79,0.36,6.38,40.6
CMP-2775,2025-06-02,LinkedIn Ads,Brand,BR,169.66,4425,20,1.0,126.08,0.45,8.48,0.74,54.6
CMP-5262,2025-06-02,TikTok Ads,Prospecting,UK,198.85,26129,216,,,0.83,0.92,,
CMP-3631,2025-06-02,Google Search,Promo,IN,476.97,5238,224,13.0,1412.1,4.28,2.13,2.96,41.2
CMP-5185,2025-06-03,TikTok Ads,Retargeting,US,,24898,395,,,1.59,,,74.7
CMP-5929,2025-06-03,Meta Ads,Prospecting,DE,,10556,119,4.0,339.44,1.13,,,51.1
CMP-2202,2025-06-03,Email,Promo,IN,77.59,4109,120,5.0,418.09,2.92,0.65,5.39,56.8
CMP-2149,2025-06-03,TikTok Ads,Promo,IN,311.18,48672,471,5.0,294.98,0.97,0.66,0.95,63.2
CMP-6360,2025-06-03,Google Search,Prospecting,DE,376.53,5891,258,20.0,1729.35,4.38,1.46,4.59,64.2
CMP-8912,2025-06-03,Meta Ads,Retargeting,DE,1244.36,140012,3064,171.0,13841.56,2.19,0.41,11.12,58.0
CMP-8201,2025-06-04,Meta Ads,Brand,IN,277.93,23972,311,10.0,1004.91,1.3,0.89,3.62,54.5
CMP-7817,2025-06-04,Google Search,Retargeting,UK,507.75,6410,529,75.0,9658.67,8.25,0.96,19.02,
CMP-6274,2025-06-04,Email,Prospecting,US,19.34,1555,45,1.0,57.01,2.89,0.43,2.95,
CMP-6791,2025-06-04,Display,Retargeting,IN,284.18,127959,341,12.0,1188.95,0.27,0.83,4.18,36.7
CMP-1936,2025-06-04,TikTok Ads,Prospecting,IN,155.97,27774,253,4.0,255.69,0.91,0.62,1.64,51.3
CMP-4549,2025-06-04,Email,Brand,US,36.89,2498,60,2.0,107.06,2.4,0.61,2.9,
CMP-3386,2025-06-04,Google Search,Brand,US,442.2,5894,267,,,4.53,1.66,,55.1
CMP-4962,2025-06-05,Google Search,Prospecting,UK,371.79,6801,308,20.0,2633.78,4.53,1.21,7.08,40.6
CMP-3831,2025-06-05,Google Search,Retargeting,DE,784.98,8086,659,90.0,11025.66,8.15,1.19,14.05,30.8
CMP-7148,2025-06-06,Google Search,Prospecting,IN,704.09,7994,337,21.0,2594.63,4.22,2.09,3.69,63.4
CMP-5997,2025-06-06,Email,Prospecting,UK,44.21,2677,76,5.0,732.63,2.84,0.58,16.57,
CMP-1047,2025-06-06,Email,Prospecting,BR,29.52,2655,76,2.0,139.21,2.86,0.39,4.72,
CMP-9409,2025-06-06,Google Search,Promo,US,541.88,6291,307,18.0,2115.0,4.88,1.77,3.9,34.3
CMP-6048,2025-06-06,Email,Retargeting,US,65.8,5528,263,31.0,2908.7,4.76,0.25,44.21,
CMP-1710,2025-06-07,TikTok Ads,Retargeting,IN,239.57,34439,574,,,1.67,0.42,,26.2
CMP-5262,2025-06-07,TikTok Ads,Prospecting,UK,51.02,9145,71,,,0.78,0.72,,45.9
CMP-1649,2025-06-07,Display,Prospecting,BR,271.8,68392,91,,,0.13,2.99,,51.6
CMP-6274,2025-06-07,Email,Prospecting,US,46.23,2642,75,,,2.84,0.62,,
CMP-9278,2025-06-07,Display,Promo,US,380.14,106249,175,2.0,141.06,0.16,2.17,0.37,55.8
CMP-9926,2025-06-07,Meta Ads,Prospecting,IN,510.31,56330,662,,,1.18,0.77,,61.8
CMP-8912,2025-06-07,Meta Ads,Retargeting,DE,464.2,40809,880,49.0,4176.76,2.16,0.53,9.0,32.2
CMP-7613,2025-06-07,Meta Ads,Promo,US,68.21,7984,81,1.0,55.26,1.01,0.84,0.81,68.5
CMP-6646,2025-06-07,LinkedIn Ads,Prospecting,US,349.72,11318,73,4.0,1496.3,0.64,4.79,4.28,34.8
CMP-6360,2025-06-08,Google Search,Prospecting,DE,374.97,5098,217,10.0,1163.7,4.26,1.73,3.1,50.6
CMP-4124,2025-06-08,Meta Ads,Prospecting,UK,308.01,32610,431,9.0,777.97,1.32,0.71,2.53,51.5
CMP-4194,2025-06-08,LinkedIn Ads,Prospecting,UK,314.55,6653,39,1.0,578.91,0.59,8.07,1.84,42.9
CMP-4619,2025-06-08,Google Search,Retargeting,IN,201.01,3487,276,37.0,5398.05,7.92,0.73,26.85,50.7
CMP-3898,2025-06-09,Meta Ads,Retargeting,UK,476.83,67706,1419,82.0,7241.87,2.1,0.34,15.19,41.8
CMP-2799,2025-06-09,Email,Prospecting,IN,46.1,3146,87,4.0,474.99,2.77,0.53,10.3,
CMP-6360,2025-06-09,Google Search,Prospecting,DE,107.27,2067,98,9.0,1463.67,4.74,1.09,13.64,57.0
CMP-5805,2025-06-09,Email,Promo,US,,3682,110,4.0,384.96,2.99,,,42.2
CMP-1936,2025-06-10,TikTok Ads,Prospecting,IN,108.16,15390,118,1.0,93.19,0.77,0.92,0.86,75.3
CMP-3120,2025-06-10,Google Search,Brand,IN,,4706,213,7.0,730.04,4.53,,,58.0
CMP-3386,2025-06-10,Google Search,Brand,US,241.29,3600,181,8.0,821.09,5.03,1.33,3.4,47.8
CMP-1623,2025-06-10,Google Search,Prospecting,US,194.91,2417,103,6.0,891.64,4.26,1.89,4.57,40.1
CMP-9001,2025-06-10,Display,Promo,UK,210.86,48014,68,0.0,0.0,0.14,3.1,0.0,31.6
CMP-5805,2025-06-10,Email,Promo,US,38.91,3219,79,3.0,210.44,2.45,0.49,5.41,56.2
CMP-9642,2025-06-11,LinkedIn Ads,Retargeting,IN,55.11,1815,20,2.0,613.83,1.1,2.76,11.14,41.0
CMP-6704,2025-06-11,Meta Ads,Prospecting,US,,18763,243,4.0,330.42,1.3,,,60.6
CMP-7148,2025-06-11,Google Search,Prospecting,IN,399.33,4904,236,17.0,2221.39,4.81,1.69,5.56,42.7
CMP-3898,2025-06-11,Meta Ads,Retargeting,UK,,17188,313,11.0,630.33,1.82,,,25.9
CMP-2766,2025-06-11,Display,Brand,US,489.21,149893,186,5.0,544.91,0.12,2.63,1.11,29.5
CMP-7336,2025-06-12,Meta Ads,Promo,UK,,34627,404,11.0,857.1,1.17,,,49.2
CMP-3831,2025-06-13,Google Search,Retargeting,DE,783.53,11305,958,133.0,17790.98,8.47,0.82,22.71,45.9
CMP-6704,2025-06-13,Meta Ads,Prospecting,US,,40483,462,9.0,683.02,1.14,,,30.4
CMP-5539,2025-06-13,TikTok Ads,Prospecting,US,,7551,68,,,0.9,,,63.5
CMP-6704,2025-06-13,Meta Ads,Prospecting,US,,14881,187,5.0,421.36,1.26,,,51.7
CMP-4124,2025-06-13,Meta Ads,Prospecting,UK,,18090,231,4.0,251.18,1.28,,,56.4
CMP-3120,2025-06-13,Google Search,Brand,IN,979.46,14980,733,49.0,5052.6,4.89,1.34,5.16,52.5
CMP-9240,2025-06-14,TikTok Ads,Promo,US,639.19,59831,503,5.0,190.64,0.84,1.27,0.3,69.4
CMP-9700,2025-06-14,Meta Ads,Retargeting,IN,,37435,791,35.0,2811.18,2.11,,,33.4
CMP-8963,2025-06-14,TikTok Ads,Promo,UK,374.07,55314,483,12.0,587.47,0.87,0.77,1.57,42.3
CMP-8854,2025-06-15,LinkedIn Ads,Retargeting,DE,143.82,4272,50,6.0,2683.26,1.17,2.88,18.66,45.1
CMP-4962,2025-06-15,Google Search,Prospecting,UK,777.27,10509,485,25.0,2860.73,4.62,1.6,3.68,45.6
CMP-6704,2025-06-15,Meta Ads,Prospecting,US,,21861,279,6.0,457.12,1.28,,,59.2
CMP-7278,2025-06-16,LinkedIn Ads,Promo,UK,901.47,27681,182,7.0,3151.97,0.66,4.95,3.5,34.2
CMP-1936,2025-06-16,TikTok Ads,Prospecting,IN,312.18,49489,425,6.0,276.61,0.86,0.73,0.89,61.3
CMP-3596,2025-06-16,Email,Retargeting,UK,106.48,6949,371,,,5.34,0.29,,
CMP-6704,2025-06-16,Meta Ads,Prospecting,US,,29099,360,11.0,1133.67,1.24,,,71.5
CMP-8912,2025-06-16,Meta Ads,Retargeting,DE,,10741,218,16.0,1263.44,2.03,,,35.1
CMP-4080,2025-06-17,LinkedIn Ads,Promo,IN,340.77,9135,50,6.0,2817.75,0.55,6.82,8.27,66.4
CMP-4619,2025-06-17,Google Search,Retargeting,IN,156.22,1718,147,15.0,1829.36,8.56,1.06,11.71,39.0
CMP-6646,2025-06-17,LinkedIn Ads,Prospecting,US,117.74,4341,29,0.0,0.0,0.67,4.06,0.0,
CMP-7613,2025-06-17,Meta Ads,Promo,US,,81565,955,26.0,2105.4,1.17,,,63.1
CMP-8143,2025-06-18,LinkedIn Ads,Brand,IN,384.91,11238,77,4.0,1882.33,0.69,5.0,4.89,100.0
CMP-4080,2025-06-18,LinkedIn Ads,Promo,IN,677.84,15174,92,5.0,2387.14,0.61,7.37,3.52,50.8
CMP-6321,2025-06-18,Meta Ads,Brand,BR,,115674,1357,39.0,2852.47,1.17,,,30.1
CMP-2676,2025-06-18,Meta Ads,Brand,US,,117328,1498,33.0,2647.73,1.28,,,72.2
CMP-6791,2025-06-18,Display,Retargeting,IN,357.52,92990,228,,,0.25,1.57,,64.6
CMP-4175,2025-06-19,Meta Ads,Retargeting,US,,36271,783,50.0,4373.04,2.16,,,32.7
CMP-2676,2025-06-19,Meta Ads,Brand,US,,66608,803,24.0,1725.63,1.21,,,50.3
CMP-4117,2025-06-19,LinkedIn Ads,Retargeting,US,229.46,5255,68,5.0,1775.4,1.29,3.37,7.74,42.4
CMP-6646,2025-06-19,LinkedIn Ads,Prospecting,US,257.13,7126,45,1.0,354.52,0.63,5.71,1.38,44.5
CMP-8854,2025-06-19,LinkedIn Ads,Retargeting,DE,125.01,3558,38,4.0,1164.98,1.07,3.29,9.32,40.8
CMP-8123,2025-06-19,Google Search,Brand,DE,618.92,9364,383,26.0,3446.41,4.09,1.62,5.57,61.3
CMP-5268,2025-06-19,Google Search,Prospecting,BR,319.28,4056,177,16.0,1802.98,4.36,1.8,5.65,65.5
CMP-2676,2025-06-20,Meta Ads,Brand,US,,31843,355,11.0,1031.81,1.11,,,67.0
CMP-7413,2025-06-20,Meta Ads,Brand,DE,,31051,373,15.0,1076.3,1.2,,,71.0
CMP-4977,2025-06-20,TikTok Ads,Promo,DE,179.43,28439,286,,,1.01,0.63,,42.6
CMP-2746,2025-06-20,LinkedIn Ads,Brand,US,274.15,6303,39,3.0,1973.69,0.62,7.03,7.2,56.1
CMP-5539,2025-06-20,TikTok Ads,Prospecting,US,106.16,17330,163,,,0.94,0.65,,74.9
CMP-4117,2025-06-21,LinkedIn Ads,Retargeting,US,109.25,2959,38,2.0,403.8,1.28,2.88,3.7,37.9
CMP-8854,2025-06-21,LinkedIn Ads,Retargeting,DE,618.64,18551,201,16.0,5148.02,1.08,3.08,8.32,19.5
CMP-2766,2025-06-21,Display,Brand,US,335.25,118959,159,2.0,307.62,0.13,2.11,0.92,57.5
CMP-4175,2025-06-21,Meta Ads,Retargeting,US,,21119,460,24.0,1850.06,2.18,,,58.6
CMP-2766,2025-06-21,Display,Brand,US,49.21,13282,15,0.0,0.0,0.11,3.28,0.0,54.1
CMP-5342,2025-06-21,TikTok Ads,Retargeting,BR,142.31,18433,288,7.0,416.75,1.56,0.49,2.93,55.2
CMP-2011,2025-06-22,Email,Prospecting,DE,35.02,2887,77,3.0,282.38,2.67,0.45,8.06,
CMP-2775,2025-06-22,LinkedIn Ads,Brand,BR,68.47,1625,9,0.0,0.0,0.55,7.61,0.0,36.0
CMP-5805,2025-06-22,Email,Promo,US,88.12,4508,118,5.0,397.93,2.62,0.75,4.52,63.2
CMP-4509,2025-06-22,TikTok Ads,Brand,IN,158.0,18842,155,3.0,185.65,0.82,1.02,1.18,50.4
CMP-9409,2025-06-22,Google Search,Promo,US,803.04,10203,431,27.0,3791.17,4.22,1.86,4.72,57.8
CMP-6646,2025-06-23,LinkedIn Ads,Prospecting,US,347.71,7966,47,1.0,233.0,0.59,7.4,0.67,53.5
CMP-4962,2025-06-23,Google Search,Prospecting,UK,612.41,9018,416,17.0,2203.37,4.61,1.47,3.6,46.9
CMP-1879,2025-06-24,Google Search,Promo,BR,589.72,10390,425,31.0,3290.63,4.09,1.39,5.58,47.2
CMP-4885,2025-06-24,Google Search,Retargeting,US,249.48,3142,254,29.0,4077.32,8.08,0.98,16.34,
CMP-7613,2025-06-24,Meta Ads,Promo,US,,49281,567,15.0,1202.33,1.15,,,65.1
CMP-7984,2025-06-25,TikTok Ads,Brand,US,398.9,65220,612,12.0,746.92,0.94,0.65,1.87,59.2
CMP-3795,2025-06-25,Display,Prospecting,US,66.54,10385,19,1.0,30.35,0.18,3.5,0.46,53.5
CMP-7375,2025-06-25,Display,Brand,DE,96.44,34709,45,,,0.13,2.14,,50.9
CMP-8201,2025-06-25,Meta Ads,Brand,IN,,52146,611,16.0,1386.53,1.17,,,60.4
CMP-4117,2025-06-25,LinkedIn Ads,Retargeting,US,241.56,5086,38,3.0,698.9,0.75,6.36,2.89,53.9
CMP-4962,2025-06-25,Google Search,Prospecting,UK,423.07,6121,271,,,4.43,1.56,,52.3
CMP-1623,2025-06-26,Google Search,Prospecting,US,335.11,5594,265,12.0,1629.35,4.74,1.26,4.86,43.8
CMP-8912,2025-06-26,Meta Ads,Retargeting,DE,,76853,1636,109.0,9285.39,2.13,,,49.1
CMP-4619,2025-06-26,Google Search,Retargeting,IN,,6474,538,44.0,5774.76,8.31,,,51.4
CMP-9286,2025-06-27,Email,Brand,DE,12.65,1043,17,0.0,0.0,1.63,0.74,0.0,
CMP-1419,2025-06-27,LinkedIn Ads,Prospecting,BR,639.91,19058,109,8.0,2842.17,0.57,5.87,4.44,56.9
CMP-4117,2025-06-27,LinkedIn Ads,Retargeting,US,762.8,18041,204,21.0,7412.86,1.13,3.74,9.72,46.1
CMP-9278,2025-06-28,Display,Promo,US,436.34,106940,161,6.0,438.45,0.15,2.71,1.0,58.0
CMP-6704,2025-06-28,Meta Ads,Prospecting,US,,63232,796,20.0,1617.31,1.26,,,51.0
CMP-7336,2025-06-29,Meta Ads,Promo,UK,818.71,108066,1256,,,1.16,0.65,,50.9
CMP-2676,2025-06-29,Meta Ads,Brand,US,413.79,37129,479,20.0,1436.24,1.29,0.86,3.47,
CMP-6321,2025-06-29,Meta Ads,Brand,BR,183.21,19184,224,15.0,1306.08,1.17,0.82,7.13,51.4
CMP-2149,2025-06-29,TikTok Ads,Promo,IN,274.89,59172,507,10.0,537.9,0.86,0.54,1.96,50.2
CMP-7613,2025-06-29,Meta Ads,Promo,US,849.09,137009,1631,29.0,2372.59,1.19,0.52,2.79,48.8
CMP-6957,2025-06-30,Google Search,Promo,UK,487.57,4754,203,,,4.27,2.4,,51.7
CMP-3898,2025-06-30,Meta Ads,Retargeting,UK,285.22,22847,482,26.0,2409.58,2.11,0.59,8.45,26.5
CMP-3020,2025-06-30,Display,Prospecting,DE,118.79,32009,38,1.0,119.26,0.12,3.13,1.0,54.1
CMP-6957,2025-06-30,Google Search,Promo,UK,456.03,7206,322,,,4.47,1.42,,19.7
CMP-9278,2025-06-30,Display,Promo,US,137.3,45925,62,,,0.14,2.21,,50.0
CMP-3840,2025-06-30,LinkedIn Ads,Retargeting,UK,590.63,17568,168,13.0,4334.97,0.96,3.52,7.34,28.9
CMP-4117,2025-06-30,LinkedIn Ads,Retargeting,US,,5321,63,3.0,1322.17,1.18,,,57.0
CMP-4117,2025-07-01,LinkedIn Ads,Retargeting,US,,3840,44,5.0,1879.17,1.15,,,49.2
CMP-6957,2025-07-01,Google Search,Promo,UK,532.89,9430,417,29.0,3549.56,4.42,1.28,6.66,61.8
CMP-1266,2025-07-01,Display,Retargeting,US,79.05,27202,71,1.0,77.67,0.26,1.11,0.98,29.6
CMP-4619,2025-07-01,Google Search,Retargeting,IN,450.7,6390,518,65.0,7994.75,8.11,0.87,17.74,30.1
CMP-7820,2025-07-01,Meta Ads,Retargeting,BR,,27688,582,,,2.1,,,48.0
CMP-7613,2025-07-01,Meta Ads,Promo,US,229.77,43246,531,14.0,1000.44,1.23,0.43,4.35,58.5
CMP-2445,2025-07-02,Email,Retargeting,IN,20.88,894,48,5.0,798.39,5.37,0.44,38.24,
CMP-7017,2025-07-02,Display,Prospecting,IN,70.81,22439,43,,,0.19,1.65,,79.6
CMP-8201,2025-07-02,Meta Ads,Brand,IN,121.32,20579,227,4.0,378.48,1.1,0.53,3.12,
CMP-4117,2025-07-02,LinkedIn Ads,Retargeting,US,261.5,5281,64,4.0,1016.48,1.21,4.09,3.89,37.1
CMP-8963,2025-07-02,TikTok Ads,Promo,UK,264.91,46265,425,,,0.92,0.62,,62.0
CMP-1623,2025-07-03,Google Search,Prospecting,US,,6081,273,16.0,2541.47,4.49,,,60.0
CMP-2676,2025-07-03,Meta Ads,Brand,US,572.24,75955,888,23.0,2066.77,1.17,0.64,3.61,48.8
CMP-2799,2025-07-03,Email,Prospecting,IN,50.03,2495,62,1.0,44.72,2.48,0.81,0.89,
CMP-5803,2025-07-03,Display,Promo,IN,,52962,66,,,0.12,,,44.3
CMP-4010,2025-07-03,Meta Ads,Promo,IN,639.89,108669,1284,36.0,2895.67,1.18,0.5,4.53,47.7
CMP-9409,2025-07-03,Google Search,Promo,US,421.59,6106,282,14.0,1567.04,4.62,1.5,3.72,57.2
CMP-5834,2025-07-03,Email,Promo,BR,21.91,1154,40,2.0,112.65,3.47,0.55,5.14,38.7
CMP-2766,2025-07-04,Display,Brand,US,161.68,57057,86,,,0.15,1.88,,36.6
CMP-3171,2025-07-04,LinkedIn Ads,Prospecting,IN,245.94,5544,49,1.0,251.12,0.88,5.02,1.02,36.3
CMP-5539,2025-07-04,TikTok Ads,Prospecting,US,584.47,108034,973,14.0,602.49,0.9,0.6,1.03,
CMP-7148,2025-07-04,Google Search,Prospecting,IN,1209.02,18721,879,52.0,6235.66,4.7,1.38,5.16,45.4
CMP-7613,2025-07-04,Meta Ads,Promo,US,311.58,26350,325,8.0,658.29,1.23,0.96,2.11,63.8
CMP-6048,2025-07-04,Email,Retargeting,US,80.95,6766,357,36.0,3385.22,5.28,0.23,41.82,
CMP-5803,2025-07-04,Display,Promo,IN,143.12,35612,54,1.0,255.24,0.15,2.65,1.78,33.0
CMP-7336,2025-07-05,Meta Ads,Promo,UK,899.89,69878,813,17.0,1463.06,1.16,1.11,1.63,
CMP-5929,2025-07-05,Meta Ads,Prospecting,DE,523.76,63320,751,,,1.19,0.7,,54.2
CMP-7613,2025-07-05,Meta Ads,Promo,US,1129.66,187003,2308,49.0,3566.17,1.23,0.49,3.16,14.3
CMP-4885,2025-07-05,Google Search,Retargeting,US,543.94,7464,622,92.0,10738.57,8.33,0.87,19.74,
CMP-6704,2025-07-05,Meta Ads,Prospecting,US,215.27,20506,238,5.0,354.13,1.16,0.9,1.65,
CMP-3386,2025-07-05,Google Search,Brand,US,449.4,4015,163,,,4.06,2.76,,43.1
CMP-7278,2025-07-05,LinkedIn Ads,Promo,UK,301.63,8486,44,1.0,338.01,0.52,6.86,1.12,59.2
CMP-4124,2025-07-06,Meta Ads,Prospecting,UK,168.75,16347,182,9.0,912.68,1.11,0.93,5.41,43.1
CMP-9926,2025-07-06,Meta Ads,Prospecting,IN,314.98,26627,314,7.0,607.0,1.18,1.0,1.93,41.3
CMP-1623,2025-07-07,Google Search,Prospecting,US,330.15,3695,161,13.0,1352.33,4.36,2.05,4.1,63.7
CMP-2202,2025-07-07,Email,Promo,IN,151.01,9728,266,8.0,902.96,2.73,0.57,5.98,
CMP-7413,2025-07-07,Meta Ads,Brand,DE,446.79,50977,602,19.0,1722.41,1.18,0.74,3.86,60.9
CMP-6048,2025-07-07,Email,Retargeting,US,109.82,7446,349,42.0,3365.64,4.69,0.31,30.65,36.8
CMP-4885,2025-07-07,Google Search,Retargeting,US,1146.22,12745,1059,123.0,14170.74,8.31,1.08,12.36,39.7
CMP-4010,2025-07-07,Meta Ads,Promo,IN,228.29,22029,261,6.0,647.18,1.18,0.87,2.83,45.4
CMP-4117,2025-07-08,LinkedIn Ads,Retargeting,US,158.68,5297,51,5.0,1872.33,0.96,3.11,11.8,32.2
CMP-2775,2025-07-08,LinkedIn Ads,Brand,BR,149.82,4176,29,3.0,793.17,0.69,5.17,5.29,40.6
CMP-4962,2025-07-08,Google Search,Prospecting,UK,964.76,11189,528,,,4.72,1.83,,39.8
CMP-7613,2025-07-08,Meta Ads,Promo,US,165.92,16411,208,9.0,531.37,1.27,0.8,3.2,34.5
CMP-1047,2025-07-09,Email,Prospecting,BR,,2088,57,1.0,160.85,2.73,,,
CMP-7613,2025-07-09,Meta Ads,Promo,US,218.38,23089,285,11.0,980.76,1.23,0.77,4.49,79.2
CMP-2399,2025-07-09,Meta Ads,Brand,UK,375.68,41550,523,17.0,1631.17,1.26,0.72,4.34,43.2
CMP-4977,2025-07-09,TikTok Ads,Promo,DE,,75640,714,,,0.94,,,48.3
CMP-1215,2025-07-09,Display,Prospecting,UK,318.72,91695,132,3.0,355.15,0.14,2.41,1.11,
CMP-7375,2025-07-09,Display,Brand,DE,102.75,32317,41,,,0.13,2.51,,59.1
CMP-4346,2025-07-09,LinkedIn Ads,Promo,US,240.69,6486,37,2.0,390.74,0.57,6.51,1.62,23.7
CMP-4962,2025-07-09,Google Search,Prospecting,UK,612.5,8825,421,25.0,3482.81,4.77,1.45,5.69,57.4
CMP-6360,2025-07-09,Google Search,Prospecting,DE,852.9,10037,448,21.0,2427.31,4.46,1.9,2.85,75.7
CMP-2746,2025-07-10,LinkedIn Ads,Brand,US,735.3,16051,77,1.0,160.46,0.48,9.55,0.22,61.4
CMP-8201,2025-07-10,Meta Ads,Brand,IN,90.39,11506,125,,,1.09,0.72,,59.9
CMP-2676,2025-07-10,Meta Ads,Brand,US,195.6,19945,244,7.0,461.36,1.22,0.8,2.36,67.5
CMP-6838,2025-07-10,Meta Ads,Promo,DE,158.33,13667,139,2.0,235.66,1.02,1.14,1.49,50.8
CMP-1710,2025-07-10,TikTok Ads,Retargeting,IN,497.16,62244,1015,37.0,2166.78,1.63,0.49,4.36,44.0
CMP-2341,2025-07-11,LinkedIn Ads,Brand,UK,501.88,11330,63,3.0,1275.72,0.56,7.97,2.54,56.2
CMP-6646,2025-07-12,LinkedIn Ads,Prospecting,US,377.15,10260,51,2.0,696.77,0.5,7.4,1.85,22.9
CMP-4549,2025-07-12,Email,Brand,US,20.88,1831,55,,,3.0,0.38,,60.0
CMP-9989,2025-07-12,Display,Retargeting,UK,201.23,41706,132,,,0.32,1.52,,53.1
CMP-5929,2025-07-12,Meta Ads,Prospecting,DE,1006.71,111342,1326,30.0,2437.08,1.19,0.76,2.42,
CMP-7613,2025-07-12,Meta Ads,Promo,US,,34589,378,4.0,501.24,1.09,,,47.3
CMP-3795,2025-07-13,Display,Prospecting,US,0.0,62998,72,2.0,272.03,0.11,2.11,1.79,63.7
CMP-3898,2025-07-13,Meta Ads,Retargeting,UK,324.08,38313,866,,,2.26,0.37,,42.3
CMP-4117,2025-07-13,LinkedIn Ads,Retargeting,US,74.51,1511,14,1.0,783.34,0.93,5.32,10.51,
CMP-5268,2025-07-13,Google Search,Prospecting,BR,351.82,3874,176,11.0,1625.81,4.54,2.0,4.62,40.7
CMP-6048,2025-07-14,Email,Retargeting,US,9.46,504,29,1.0,48.36,5.75,0.33,5.11,25.5
CMP-5342,2025-07-14,TikTok Ads,Retargeting,BR,97.19,19930,343,,,1.72,0.28,,35.3
CMP-2766,2025-07-14,Display,Brand,US,337.13,111074,177,3.0,311.22,0.16,1.9,0.92,43.4
CMP-5539,2025-07-15,TikTok Ads,Prospecting,US,173.54,24608,243,2.0,101.97,0.99,0.71,0.59,37.9
CMP-1266,2025-07-15,Display,Retargeting,US,53.5,16977,38,3.0,244.41,0.22,1.41,4.57,49.7
CMP-8163,2025-07-15,Display,Brand,IN,231.03,69465,99,1.0,115.93,0.14,2.33,0.5,
CMP-8912,2025-07-15,Meta Ads,Retargeting,DE,307.55,23723,565,29.0,2328.99,2.38,0.54,7.57,17.2
CMP-4346,2025-07-16,LinkedIn Ads,Promo,US,538.67,15836,116,6.0,1931.31,0.73,4.64,3.59,59.2
CMP-2383,2025-07-16,LinkedIn Ads,Prospecting,DE,,9530,49,0.0,0.0,0.51,,,
CMP-1414,2025-07-16,Email,Promo,DE,34.65,1850,51,3.0,209.94,2.76,0.68,6.06,53.2
CMP-2383,2025-07-16,LinkedIn Ads,Prospecting,DE,,6932,35,1.0,416.42,0.5,,,66.1
CMP-9409,2025-07-16,Google Search,Promo,US,705.99,7678,333,16.0,1780.13,4.34,2.12,2.52,41.5
CMP-1215,2025-07-16,Display,Prospecting,UK,163.09,54534,87,1.0,54.44,0.16,1.87,0.33,
CMP-9278,2025-07-17,Display,Promo,US,168.37,45807,69,0.0,0.0,0.15,2.44,0.0,44.0
CMP-8143,2025-07-18,LinkedIn Ads,Brand,IN,253.76,7637,49,4.0,1857.11,0.64,5.18,7.32,54.0
CMP-9409,2025-07-18,Google Search,Promo,US,240.88,3371,150,9.0,1029.17,4.45,1.61,4.27,29.8
CMP-3596,2025-07-18,Email,Retargeting,UK,41.64,2147,98,,,4.56,0.42,,
CMP-7148,2025-07-18,Google Search,Prospecting,IN,1373.21,19727,868,44.0,5192.8,4.4,1.58,3.78,63.0
CMP-5539,2025-07-19,TikTok Ads,Prospecting,US,117.7,22677,200,1.0,42.47,0.88,0.59,0.36,48.9
CMP-9409,2025-07-20,Google Search,Promo,US,474.19,5649,241,21.0,2538.22,4.27,1.97,5.35,78.6
CMP-7148,2025-07-20,Google Search,Prospecting,IN,656.19,10328,408,18.0,2214.13,3.95,1.61,3.37,44.0
CMP-9693,2025-07-20,Email,Retargeting,BR,23.65,2030,96,9.0,1085.41,4.73,0.25,45.89,
CMP-7017,2025-07-20,Display,Prospecting,IN,48.99,17897,19,0.0,0.0,0.11,2.58,0.0,57.7
CMP-2011,2025-07-20,Email,Prospecting,DE,67.72,4171,122,5.0,389.81,2.92,0.56,5.76,
CMP-9989,2025-07-20,Display,Retargeting,UK,80.35,25913,61,,,0.24,1.32,,30.6
CMP-7336,2025-07-21,Meta Ads,Promo,UK,347.23,33234,415,,,1.25,0.84,,46.2
CMP-1148,2025-07-21,TikTok Ads,Prospecting,DE,148.57,30440,268,3.0,237.91,0.88,0.55,1.6,77.7
CMP-1649,2025-07-22,Display,Prospecting,BR,307.75,82004,112,,,0.14,2.75,,
CMP-4977,2025-07-22,TikTok Ads,Promo,DE,357.05,59287,506,7.0,655.62,0.85,0.71,1.84,62.8
CMP-4124,2025-07-23,Meta Ads,Prospecting,UK,264.36,26999,329,5.0,387.47,1.22,0.8,1.47,47.1
CMP-2383,2025-07-23,LinkedIn Ads,Prospecting,DE,203.23,6127,28,2.0,600.32,0.46,7.26,2.95,
CMP-3898,2025-07-23,Meta Ads,Retargeting,UK,317.82,38499,830,46.0,3717.52,2.16,0.38,11.7,53.4
CMP-5539,2025-07-23,TikTok Ads,Prospecting,US,313.45,50923,458,8.0,384.41,0.9,0.68,1.23,45.8
CMP-4175,2025-07-23,Meta Ads,Retargeting,US,103.35,14912,332,19.0,1407.86,2.23,0.31,13.62,49.9
CMP-1623,2025-07-23,Google Search,Prospecting,US,169.74,1802,85,4.0,550.03,4.72,2.0,3.24,48.0
CMP-1936,2025-07-24,TikTok Ads,Prospecting,IN,144.47,20523,166,,,0.81,0.87,,47.4
CMP-9278,2025-07-24,Display,Promo,US,380.71,133486,199,,,0.15,1.91,,42.3
CMP-3795,2025-07-24,Display,Prospecting,US,113.63,26758,41,0.0,0.0,0.15,2.77,0.0,48.9
CMP-6274,2025-07-24,Email,Prospecting,US,52.21,4126,111,4.0,357.39,2.69,0.47,6.85,48.9
CMP-4549,2025-07-24,Email,Brand,US,,1572,34,3.0,449.56,2.16,,,
CMP-2746,2025-07-24,LinkedIn Ads,Brand,US,219.38,9373,60,3.0,1374.4,0.64,3.66,6.26,41.3
CMP-1623,2025-07-24,Google Search,Prospecting,US,,3553,168,11.0,1398.16,4.73,,,42.5
CMP-6360,2025-07-24,Google Search,Prospecting,DE,202.81,2684,113,6.0,777.12,4.21,1.79,3.83,66.1
CMP-4549,2025-07-25,Email,Brand,US,40.46,2292,68,1.0,134.43,2.97,0.6,3.32,
CMP-3386,2025-07-25,Google Search,Brand,US,337.58,4161,191,,,4.59,1.77,,41.4
CMP-4962,2025-07-25,Google Search,Prospecting,UK,280.64,3077,153,9.0,1013.71,4.97,1.83,3.61,69.3
CMP-4885,2025-07-25,Google Search,Retargeting,US,849.0,13172,1044,141.0,15947.79,7.93,0.81,18.78,36.8
CMP-1215,2025-07-25,Display,Prospecting,UK,198.96,38064,64,1.0,95.62,0.17,3.11,0.48,
CMP-6360,2025-07-25,Google Search,Prospecting,DE,358.43,4260,204,9.0,1019.69,4.79,1.76,2.84,54.2
CMP-1623,2025-07-26,Google Search,Prospecting,US,401.59,6283,221,15.0,1747.83,3.52,1.82,4.35,43.2
CMP-4549,2025-07-26,Email,Brand,US,54.01,5140,131,5.0,374.4,2.55,0.41,6.93,
CMP-9278,2025-07-26,Display,Promo,US,182.0,56171,70,1.0,74.83,0.12,2.6,0.41,60.6
CMP-6704,2025-07-26,Meta Ads,Prospecting,US,398.47,45030,514,15.0,978.45,1.14,0.78,2.46,53.2
CMP-5929,2025-07-26,Meta Ads,Prospecting,DE,281.41,37630,460,16.0,1295.14,1.22,0.61,4.6,35.2
CMP-4962,2025-07-26,Google Search,Prospecting,UK,375.66,3521,172,13.0,1787.33,4.88,2.18,4.76,42.4
CMP-6791,2025-07-27,Display,Retargeting,IN,338.98,81707,235,6.0,644.99,0.29,1.44,1.9,38.3
CMP-4962,2025-07-27,Google Search,Prospecting,UK,636.53,5556,251,18.0,2182.34,4.52,2.54,3.43,
CMP-2399,2025-07-27,Meta Ads,Brand,UK,145.18,12303,151,1.0,47.04,1.23,0.96,0.32,45.0
CMP-5539,2025-07-27,TikTok Ads,Prospecting,US,,15303,144,,,0.94,,,64.7
CMP-2383,2025-07-27,LinkedIn Ads,Prospecting,DE,97.48,2325,14,,,0.6,6.96,,43.1
CMP-5539,2025-07-27,TikTok Ads,Prospecting,US,189.95,34275,317,5.0,267.9,0.92,0.6,1.41,55.7
CMP-4194,2025-07-27,LinkedIn Ads,Prospecting,UK,336.73,5894,39,2.0,659.12,0.66,8.63,1.96,60.7
CMP-5262,2025-07-27,TikTok Ads,Prospecting,UK,,51147,480,,,0.94,,,46.8
CMP-4117,2025-07-27,LinkedIn Ads,Retargeting,US,65.98,1594,25,1.0,90.82,1.57,2.64,1.38,
CMP-4885,2025-07-28,Google Search,Retargeting,US,607.47,5314,448,67.0,8792.36,8.43,1.36,14.47,34.3
CMP-6274,2025-07-28,Email,Prospecting,US,34.23,2819,87,4.0,514.98,3.09,0.39,15.04,48.2
CMP-1785,2025-07-28,Email,Retargeting,DE,53.49,3438,167,14.0,1686.18,4.86,0.32,31.52,53.5
CMP-6957,2025-07-28,Google Search,Promo,UK,557.09,4763,207,11.0,1424.34,4.35,2.69,2.56,53.5
CMP-4124,2025-07-28,Meta Ads,Prospecting,UK,471.9,62401,777,19.0,1618.29,1.25,0.61,3.43,48.2
CMP-6704,2025-07-28,Meta Ads,Prospecting,US,718.29,96556,1117,32.0,2492.61,1.16,0.64,3.47,50.6
CMP-7817,2025-07-29,Google Search,Retargeting,UK,534.17,10553,868,122.0,15697.5,8.23,0.62,29.39,50.1
CMP-7148,2025-07-29,Google Search,Prospecting,IN,102.5,1510,74,5.0,509.6,4.9,1.39,4.97,44.9
CMP-4962,2025-07-29,Google Search,Prospecting,UK,182.78,2689,122,9.0,1098.53,4.54,1.5,6.01,32.5
CMP-4962,2025-07-29,Google Search,Prospecting,UK,105.89,1734,78,5.0,709.0,4.5,1.36,6.7,70.8
CMP-4619,2025-07-30,Google Search,Retargeting,IN,292.06,4660,379,58.0,7354.49,8.13,0.77,25.18,65.5
CMP-6791,2025-07-30,Display,Retargeting,IN,,91126,240,6.0,530.55,0.26,,,49.3
CMP-1368,2025-07-30,Google Search,Brand,BR,45.24,737,21,0.0,0.0,2.85,2.15,0.0,60.4
CMP-5805,2025-07-31,Email,Promo,US,42.57,3298,102,5.0,467.89,3.09,0.42,10.99,
CMP-4117,2025-07-31,LinkedIn Ads,Retargeting,US,427.81,13637,152,19.0,7040.97,1.11,2.81,16.46,57.4
CMP-6646,2025-07-31,LinkedIn Ads,Prospecting,US,877.38,23178,125,8.0,3239.52,0.54,7.02,3.69,81.1
CMP-8163,2025-07-31,Display,Brand,IN,352.24,93633,136,,,0.15,2.59,,40.9
CMP-4194,2025-07-31,LinkedIn Ads,Prospecting,UK,107.85,1906,11,0.0,0.0,0.58,9.8,0.0,52.6
CMP-1266,2025-07-31,Display,Retargeting,US,113.17,41764,123,2.0,160.21,0.29,0.92,1.42,
CMP-7613,2025-07-31,Meta Ads,Promo,US,1068.76,152673,1757,38.0,3022.2,1.15,0.61,2.83,36.2
CMP-4885,2025-07-31,Google Search,Retargeting,US,1828.08,20122,1643,233.0,28730.7,8.17,1.11,15.72,29.6
CMP-9409,2025-08-01,Google Search,Promo,US,152.45,1787,89,,,4.98,1.71,,60.5
CMP-7148,2025-08-01,Google Search,Prospecting,IN,179.55,2918,134,3.0,413.2,4.59,1.34,2.3,48.9
CMP-1785,2025-08-01,Email,Retargeting,DE,74.49,4944,274,24.0,2256.14,5.54,0.27,30.29,42.5
CMP-8141,2025-08-01,TikTok Ads,Brand,BR,57.23,6826,80,1.0,45.88,1.17,0.72,0.8,35.8
CMP-5568,2025-08-01,TikTok Ads,Prospecting,BR,462.75,88267,772,,,0.87,0.6,,63.3
CMP-8251,2025-08-01,Google Search,Retargeting,BR,188.86,2534,179,21.0,2294.69,7.06,1.06,12.15,53.5
CMP-3721,2025-08-01,TikTok Ads,Brand,DE,125.84,19589,168,2.0,110.8,0.86,0.75,0.88,37.4
CMP-1266,2025-08-02,Display,Retargeting,US,47.42,11432,28,1.0,185.33,0.24,1.69,3.91,52.6
CMP-5805,2025-08-02,Email,Promo,US,70.3,6326,162,8.0,728.78,2.56,0.43,10.37,
CMP-8251,2025-08-02,Google Search,Retargeting,BR,304.41,3442,291,37.0,5428.61,8.45,1.05,17.83,65.7
CMP-6048,2025-08-02,Email,Retargeting,US,,3045,143,11.0,1094.66,4.7,,,
CMP-4619,2025-08-02,Google Search,Retargeting,IN,181.16,2506,176,22.0,2395.99,7.02,1.03,13.23,53.9
CMP-9278,2025-08-02,Display,Promo,US,,36057,60,0.0,0.0,0.17,,,26.5
CMP-5539,2025-08-03,TikTok Ads,Prospecting,US,419.75,73460,652,10.0,427.13,0.89,0.64,1.02,39.4
CMP-6360,2025-08-03,Google Search,Prospecting,DE,566.06,8789,415,,,4.72,1.36,,49.9
CMP-7336,2025-08-04,Meta Ads,Promo,UK,172.66,24158,267,4.0,392.74,1.11,0.65,2.27,52.8
CMP-8963,2025-08-04,TikTok Ads,Promo,UK,191.37,30475,270,,,0.89,0.71,,52.3
CMP-3795,2025-08-04,Display,Prospecting,US,119.6,35284,47,,,0.13,2.54,,40.0
CMP-7820,2025-08-05,Meta Ads,Retargeting,BR,130.81,19220,402,25.0,1484.84,2.09,0.33,11.35,51.3
CMP-5539,2025-08-05,TikTok Ads,Prospecting,US,292.8,43778,345,5.0,269.2,0.79,0.85,0.92,47.6
CMP-5539,2025-08-05,TikTok Ads,Prospecting,US,184.78,30161,270,7.0,384.78,0.9,0.68,2.08,52.1
CMP-4549,2025-08-05,Email,Brand,US,,5815,166,10.0,945.04,2.85,,,
CMP-1623,2025-08-06,Google Search,Prospecting,US,148.0,2175,97,9.0,1391.36,4.46,1.53,9.4,67.2
CMP-9278,2025-08-06,Display,Promo,US,121.52,42090,64,,,0.15,1.9,,38.1
CMP-6048,2025-08-06,Email,Retargeting,US,60.27,4524,223,28.0,2698.64,4.93,0.27,44.78,
CMP-3795,2025-08-06,Display,Prospecting,US,431.4,119527,179,,,0.15,2.41,,55.7
CMP-6274,2025-08-06,Email,Prospecting,US,81.49,4207,123,7.0,368.76,2.92,0.66,4.53,54.8
CMP-1215,2025-08-07,Display,Prospecting,UK,75.35,19779,25,,,0.13,3.01,,
CMP-7712,2025-08-07,LinkedIn Ads,Promo,BR,483.87,10686,64,5.0,3118.33,0.6,7.56,6.44,48.0
CMP-5805,2025-08-07,Email,Promo,US,19.5,1236,36,4.0,294.37,2.91,0.54,15.1,
CMP-2445,2025-08-08,Email,Retargeting,IN,49.36,3818,183,14.0,1402.11,4.79,0.27,28.41,
CMP-9700,2025-08-08,Meta Ads,Retargeting,IN,108.28,10491,200,7.0,688.44,1.91,0.54,6.36,46.7
CMP-6791,2025-08-08,Display,Retargeting,IN,100.41,20220,65,3.0,308.11,0.32,1.54,3.07,50.4
CMP-2746,2025-08-08,LinkedIn Ads,Brand,US,,3586,14,1.0,309.77,0.39,,,41.4
CMP-7817,2025-08-09,Google Search,Retargeting,UK,511.48,6524,492,73.0,8493.84,7.54,1.04,16.61,39.1
CMP-6704,2025-08-09,Meta Ads,Prospecting,US,580.02,62351,715,18.0,1490.38,1.15,0.81,2.57,31.8
CMP-6360,2025-08-09,Google Search,Prospecting,DE,234.81,2820,110,5.0,484.64,3.9,2.13,2.06,66.0
CMP-9409,2025-08-09,Google Search,Promo,US,1152.18,16986,803,47.0,5051.32,4.73,1.43,4.38,50.8
CMP-9001,2025-08-10,Display,Promo,UK,1099.92,336463,507,,,0.15,2.17,,58.2
CMP-3795,2025-08-10,Display,Prospecting,US,96.72,25753,40,3.0,187.03,0.16,2.42,1.93,57.2
CMP-4549,2025-08-10,Email,Brand,US,227.66,12276,356,13.0,1252.78,2.9,0.64,5.5,43.0
CMP-2676,2025-08-10,Meta Ads,Brand,US,583.05,66040,834,16.0,1146.18,1.26,0.7,1.97,43.0
CMP-8912,2025-08-10,Meta Ads,Retargeting,DE,166.11,19520,400,,,2.05,0.42,,
CMP-9240,2025-08-10,TikTok Ads,Promo,US,654.28,111810,1013,14.0,745.79,0.91,0.65,1.14,45.7
CMP-3171,2025-08-11,LinkedIn Ads,Prospecting,IN,120.98,3733,22,3.0,1379.43,0.59,5.5,11.4,29.7
CMP-3831,2025-08-11,Google Search,Retargeting,DE,383.71,3425,270,40.0,5717.83,7.88,1.42,14.9,60.3
CMP-9001,2025-08-11,Display,Promo,UK,191.3,59956,37172,2.0,114.34,0.15,2.08,0.6,35.7
CMP-1710,2025-08-11,TikTok Ads,Retargeting,IN,108.65,16470,254,5.0,247.23,1.54,0.43,2.28,66.9
CMP-7707,2025-08-11,TikTok Ads,Brand,UK,318.06,63733,588,,,0.92,0.54,,60.1
CMP-6646,2025-08-11,LinkedIn Ads,Prospecting,US,811.85,18365,134,7.0,2856.2,0.73,6.06,3.52,56.5
CMP-5262,2025-08-11,TikTok Ads,Prospecting,UK,329.39,40422,349,5.0,265.66,0.86,0.94,0.81,38.9
CMP-5262,2025-08-12,TikTok Ads,Prospecting,UK,101.71,22780,165,2.0,70.79,0.72,0.62,0.7,42.0
CMP-2399,2025-08-12,Meta Ads,Brand,UK,203.69,21312,263,,,1.23,0.77,,60.6
CMP-5185,2025-08-12,TikTok Ads,Retargeting,US,,10471,171,3.0,223.54,1.63,,,66.5
CMP-8163,2025-08-12,Display,Brand,IN,262.35,96893,145,2.0,110.65,0.15,1.81,0.42,63.2
CMP-8963,2025-08-13,TikTok Ads,Promo,UK,199.0,29466,242,,,0.82,0.82,,47.3
CMP-4175,2025-08-13,Meta Ads,Retargeting,US,470.46,38081,833,41.0,3273.72,2.19,0.56,6.96,31.6
CMP-6704,2025-08-13,Meta Ads,Prospecting,US,572.76,94390,1152,31.0,2382.3,1.22,0.5,4.16,59.7
CMP-4549,2025-08-13,Email,Brand,US,20.0,1599,43,0.0,0.0,2.69,0.47,0.0,
CMP-3631,2025-08-13,Google Search,Promo,IN,1067.88,15794,667,52.0,6592.63,4.22,1.6,6.17,51.8
CMP-5805,2025-08-13,Email,Promo,US,47.45,3701,83,1.0,60.84,2.24,0.57,1.28,
CMP-2746,2025-08-13,LinkedIn Ads,Brand,US,171.65,4547,24,2.0,624.65,0.53,7.15,3.64,59.7
CMP-6274,2025-08-14,Email,Prospecting,US,30.89,1898,54,2.0,197.24,2.85,0.57,6.39,43.3
CMP-2011,2025-08-14,Email,Prospecting,DE,22.27,1449,32,,,2.21,0.7,,61.4
CMP-2766,2025-08-14,Display,Brand,US,231.35,61808,97,,,0.16,2.39,,40.4
CMP-9989,2025-08-14,Display,Retargeting,UK,154.66,47054,133,,,0.28,1.16,,41.2
CMP-4885,2025-08-14,Google Search,Retargeting,US,136.14,1245,83,13.0,2461.04,6.67,1.64,18.08,41.4
CMP-7017,2025-08-15,Display,Prospecting,IN,165.31,35246,58,,,0.16,2.85,,53.8
CMP-1623,2025-08-15,Google Search,Prospecting,US,150.4,1883,82,2.0,227.85,4.35,1.83,1.51,62.5
CMP-9286,2025-08-15,Email,Brand,DE,,2026,56,4.0,320.05,2.76,,,41.3
CMP-7375,2025-08-15,Display,Brand,DE,264.43,71325,105,1.0,61.08,0.15,2.52,0.23,56.6
CMP-1215,2025-08-15,Display,Prospecting,UK,331.17,107132,158,,,0.15,2.1,,61.8
CMP-6704,2025-08-15,Meta Ads,Prospecting,US,143.78,18733,232,4.0,278.48,1.24,0.62,1.94,27.8
CMP-3596,2025-08-15,Email,Retargeting,UK,21.16,1413,66,5.0,310.8,4.67,0.32,14.69,
CMP-4346,2025-08-16,LinkedIn Ads,Promo,US,626.66,17105,87,2.0,732.68,0.51,7.2,1.17,61.3
CMP-8251,2025-08-16,Google Search,Retargeting,BR,228.14,3671,278,,,7.57,0.82,,45.3
CMP-6704,2025-08-16,Meta Ads,Prospecting,US,140.31,17722,227,5.0,543.91,1.28,0.62,3.88,59.5
CMP-1349,2025-08-16,Meta Ads,Prospecting,BR,400.83,40698,479,12.0,1227.74,1.18,0.84,3.06,69.4
CMP-3386,2025-08-17,Google Search,Brand,US,542.25,6819,278,15.0,1828.27,4.08,1.95,3.37,63.7
CMP-2383,2025-08-17,LinkedIn Ads,Prospecting,DE,152.39,2445,15,0.0,0.0,0.61,10.16,0.0,41.2
CMP-2202,2025-08-17,Email,Promo,IN,29.37,2275,61,4.0,282.85,2.68,0.48,9.63,
CMP-6704,2025-08-17,Meta Ads,Prospecting,US,301.66,33453,394,12.0,833.62,1.18,0.77,2.76,63.9
CMP-7017,2025-08-17,Display,Prospecting,IN,159.53,49552,74,0.0,0.0,0.15,2.16,0.0,
CMP-4885,2025-08-17,Google Search,Retargeting,US,302.6,3283,299,32.0,4172.35,9.11,1.01,13.79,56.7
CMP-7413,2025-08-17,Meta Ads,Brand,DE,369.93,35649,443,4.0,293.42,1.24,0.84,0.79,40.9
CMP-2766,2025-08-17,Display,Brand,US,116.67,37241,37,1.0,237.07,0.1,3.15,2.03,37.3
CMP-6318,2025-08-18,Google Search,Brand,UK,279.67,4355,179,,,4.11,1.56,,55.7
CMP-3386,2025-08-18,Google Search,Brand,US,191.14,1781,67,4.0,364.34,3.76,2.85,1.91,55.3
CMP-7613,2025-08-19,Meta Ads,Promo,US,,15924,180,7.0,441.91,1.13,,,40.7
CMP-6704,2025-08-20,Meta Ads,Prospecting,US,765.76,116073,1429,37.0,3315.54,1.23,0.54,4.33,77.0
CMP-6274,2025-08-20,Email,Prospecting,US,46.11,3854,105,2.0,278.57,2.72,0.44,6.04,
CMP-4885,2025-08-20,Google Search,Retargeting,US,,3852,312,46.0,5330.59,8.1,,,64.1
CMP-1710,2025-08-20,TikTok Ads,Retargeting,IN,96.3,13148,228,4.0,210.59,1.73,0.42,2.19,56.8
CMP-1936,2025-08-20,TikTok Ads,Prospecting,IN,,13257,110,0.0,0.0,0.83,,,40.9
CMP-1349,2025-08-20,Meta Ads,Prospecting,BR,365.65,41435,454,13.0,1147.8,1.1,0.81,3.14,57.3
CMP-1623,2025-08-20,Google Search,Prospecting,US,504.34,5490,239,10.0,810.35,4.35,2.11,1.61,
CMP-6360,2025-08-20,Google Search,Prospecting,DE,737.02,12169,539,21.0,2744.87,4.43,1.37,3.72,30.9
CMP-2746,2025-08-20,LinkedIn Ads,Brand,US,177.94,5619,43,2.0,814.02,0.77,4.14,4.57,41.6
CMP-6048,2025-08-20,Email,Retargeting,US,38.53,2711,131,11.0,1040.18,4.83,0.29,27.0,35.2
CMP-4962,2025-08-21,Google Search,Prospecting,UK,505.29,6940,307,,,4.42,1.65,,43.0
CMP-2399,2025-08-21,Meta Ads,Brand,UK,214.9,28169,333,11.0,1114.01,1.18,0.65,5.18,
CMP-4962,2025-08-21,Google Search,Prospecting,UK,1020.34,15855,686,43.0,5899.93,4.33,1.49,5.78,60.0
CMP-1623,2025-08-22,Google Search,Prospecting,US,305.28,4122,180,8.0,1548.17,4.37,1.7,5.07,58.9
CMP-7613,2025-08-22,Meta Ads,Promo,US,410.1,44608,574,7.0,602.09,1.29,0.71,1.47,42.1
CMP-5015,2025-08-22,Display,Promo,DE,292.03,66398,94,0.0,0.0,0.14,3.11,0.0,34.1
CMP-6838,2025-08-23,Meta Ads,Promo,DE,430.06,38309,465,,,1.21,0.92,,41.9
CMP-1148,2025-08-23,TikTok Ads,Prospecting,DE,53.94,6876,54,0.0,0.0,0.79,1.0,0.0,58.1
CMP-4010,2025-08-23,Meta Ads,Promo,IN,1200.08,109050,1366,42.0,3370.58,1.25,0.88,2.81,
CMP-7613,2025-08-23,Meta Ads,Promo,US,111.04,8897,119,3.0,192.79,1.34,0.93,1.74,29.3
CMP-4274,2025-08-23,LinkedIn Ads,Retargeting,BR,279.11,8989,90,10.0,2802.12,1.0,3.1,10.04,19.9
CMP-9278,2025-08-23,Display,Promo,US,258.56,67260,107,,,0.16,2.42,,56.8
CMP-1349,2025-08-23,Meta Ads,Prospecting,BR,227.01,26162,321,10.0,785.42,1.23,0.71,3.46,57.7
CMP-9922,2025-08-23,TikTok Ads,Retargeting,DE,173.37,30580,468,16.0,906.99,1.53,0.37,5.23,63.0
CMP-6274,2025-08-23,Email,Prospecting,US,25.37,2355,68,4.0,224.12,2.89,0.37,8.83,
CMP-5539,2025-08-23,TikTok Ads,Prospecting,US,64.31,7349,74,,,1.01,0.87,,51.9
CMP-4194,2025-08-24,LinkedIn Ads,Prospecting,UK,461.52,10865,69,4.0,1177.95,0.64,6.69,2.55,53.4
CMP-7820,2025-08-24,Meta Ads,Retargeting,BR,245.44,26568,592,35.0,2969.37,2.23,0.41,12.1,47.5
CMP-2341,2025-08-24,LinkedIn Ads,Brand,UK,590.64,15729,88,3.0,1042.58,0.56,6.71,1.77,66.2
CMP-4124,2025-08-24,Meta Ads,Prospecting,UK,137.61,10771,126,,,1.17,1.09,,
CMP-3386,2025-08-24,Google Search,Brand,US,850.57,11861,526,29.0,3638.9,4.43,1.62,4.28,72.9
CMP-6274,2025-08-25,Email,Prospecting,US,67.53,5540,164,10.0,891.1,2.96,0.41,13.2,
CMP-4175,2025-08-25,Meta Ads,Retargeting,US,250.99,20027,442,19.0,1583.34,2.21,0.57,6.31,34.6
CMP-1266,2025-08-25,Display,Retargeting,US,131.09,39749,105,7.0,669.18,0.26,1.25,5.1,31.5
CMP-1623,2025-08-25,Google Search,Prospecting,US,534.06,7641,344,13.0,1412.82,4.5,1.55,2.65,63.2
CMP-5539,2025-08-25,TikTok Ads,Prospecting,US,117.64,19000,182,2.0,97.52,0.96,0.65,0.83,78.3
CMP-7984,2025-08-25,TikTok Ads,Brand,US,447.02,70956,632,6.0,207.46,0.89,0.71,0.46,35.6
CMP-2383,2025-08-26,LinkedIn Ads,Prospecting,DE,228.54,4341,36,0.0,0.0,0.83,6.35,0.0,35.1
CMP-9409,2025-08-26,Google Search,Promo,US,1072.02,13792,625,,,4.53,1.72,,
CMP-2341,2025-08-26,LinkedIn Ads,Brand,UK,,11471,54,3.0,730.97,0.47,,,51.4
CMP-2149,2025-08-26,TikTok Ads,Promo,IN,288.48,40851,343,,,0.84,0.84,,78.5
CMP-6704,2025-08-26,Meta Ads,Prospecting,US,71.64,6640,72,0.0,0.0,1.08,1.0,0.0,38.3
CMP-6360,2025-08-26,Google Search,Prospecting,DE,385.93,6611,310,12.0,1666.84,4.69,1.24,4.32,71.8
CMP-3292,2025-08-26,LinkedIn Ads,Promo,DE,713.53,26852,176,10.0,3944.61,0.66,4.05,5.53,
CMP-9240,2025-08-26,TikTok Ads,Promo,US,543.55,77727,680,,,0.87,0.8,,41.7
CMP-1623,2025-08-26,Google Search,Prospecting,US,309.97,4378,195,6.0,574.98,4.45,1.59,1.85,28.9
CMP-6704,2025-08-26,Meta Ads,Prospecting,US,219.53,17199,198,1.0,29.52,1.15,1.11,0.13,
CMP-4885,2025-08-26,Google Search,Retargeting,US,620.71,10049,797,92.0,11628.24,7.93,0.78,18.73,
CMP-6704,2025-08-26,Meta Ads,Prospecting,US,314.12,30377,375,11.0,1003.24,1.23,0.84,3.19,33.1
CMP-4911,2025-08-27,Display,Retargeting,BR,1094.15,314987,855,35.0,4134.82,0.27,1.28,3.78,44.2
CMP-9240,2025-08-27,TikTok Ads,Promo,US,552.57,102452,955,19.0,965.4,0.93,0.58,1.75,48.2
CMP-5342,2025-08-28,TikTok Ads,Retargeting,BR,164.99,30375,494,,,1.63,0.33,,26.6
CMP-8143,2025-08-28,LinkedIn Ads,Brand,IN,,2903,20,0.0,0.0,0.69,,,60.6
CMP-1623,2025-08-28,Google Search,Prospecting,US,519.32,6319,289,19.0,1958.21,4.57,1.8,3.77,35.7
CMP-8912,2025-08-28,Meta Ads,Retargeting,DE,144.57,15020,307,20.0,1396.15,2.04,0.47,9.66,36.8
CMP-9926,2025-08-28,Meta Ads,Prospecting,IN,389.5,42957,541,14.0,1049.41,1.26,0.72,2.69,46.0
CMP-5539,2025-08-29,TikTok Ads,Prospecting,US,48.02,7989,75,,,0.94,0.64,,31.2
CMP-8912,2025-08-29,Meta Ads,Retargeting,DE,466.57,34229,722,43.0,3564.18,2.11,0.65,7.64,53.4
CMP-9001,2025-08-29,Display,Promo,UK,202.93,64812,93,,,0.14,2.18,,33.5
CMP-4885,2025-08-30,Google Search,Retargeting,US,698.14,7313,553,71.0,9440.94,7.56,1.26,13.52,20.9
CMP-6318,2025-08-31,Google Search,Brand,UK,305.66,5066,225,13.0,1866.92,4.44,1.36,6.11,44.1
CMP-4346,2025-08-31,LinkedIn Ads,Promo,US,383.15,12159,68,5.0,1472.51,0.56,5.63,3.84,50.8
CMP-6048,2025-08-31,Email,Retargeting,US,41.01,2485,128,9.0,669.35,5.15,0.32,16.32,42.4
CMP-2361,2025-08-31,Display,Brand,UK,164.14,53401,80,,,0.15,2.05,,36.4
CMP-8201,2025-09-01,Meta Ads,Brand,IN,483.78,51465,608,11.0,836.9,1.18,0.8,1.73,45.9
CMP-1623,2025-09-01,Google Search,Prospecting,US,238.61,3083,147,8.0,1550.86,4.77,1.62,6.5,68.1
CMP-9409,2025-09-01,Google Search,Promo,US,425.19,7856,357,20.0,2136.42,4.54,1.19,5.02,26.0
CMP-2399,2025-09-02,Meta Ads,Brand,UK,301.63,38955,457,,,1.17,0.66,,24.5
CMP-3795,2025-09-02,Display,Prospecting,US,187.18,57142,88,,,0.15,2.13,,64.7
CMP-3898,2025-09-02,Meta Ads,Retargeting,UK,366.24,35635,782,52.0,4168.57,2.19,0.47,11.38,20.3
CMP-6048,2025-09-02,Email,Retargeting,US,20.15,1650,90,13.0,1147.82,5.45,0.22,56.96,52.6
CMP-6274,2025-09-03,Email,Prospecting,US,25.05,1815,43,1.0,55.53,2.37,0.58,2.22,41.9
CMP-6704,2025-09-03,Meta Ads,Prospecting,US,,24851,311,15.0,1247.2,1.25,,,53.0
CMP-9926,2025-09-04,Meta Ads,Prospecting,IN,,38072,478,19.0,1415.97,1.26,,,45.7
CMP-4619,2025-09-04,Google Search,Retargeting,IN,495.07,7451,627,79.0,10775.22,8.41,0.79,21.77,43.1
CMP-6704,2025-09-04,Meta Ads,Prospecting,US,141.27,16312,189,7.0,549.47,1.16,0.75,3.89,46.1
CMP-4977,2025-09-04,TikTok Ads,Promo,DE,303.72,43795,377,,,0.86,0.81,,54.8
CMP-1414,2025-09-04,Email,Promo,DE,32.32,2275,52,3.0,236.33,2.29,0.62,7.31,
CMP-2676,2025-09-04,Meta Ads,Brand,US,1390.8,112862,1360,38.0,3036.13,1.21,1.02,2.18,55.7
CMP-9409,2025-09-05,Google Search,Promo,US,402.92,7229,347,26.0,3458.89,4.8,1.16,8.58,36.1
CMP-3020,2025-09-05,Display,Prospecting,DE,104.01,36248,64,,,0.18,1.63,,
CMP-1936,2025-09-05,TikTok Ads,Prospecting,IN,217.8,42583,389,5.0,183.95,0.91,0.56,0.84,57.5
CMP-8201,2025-09-05,Meta Ads,Brand,IN,270.94,32291,382,8.0,586.4,1.18,0.71,2.16,43.9
CMP-8201,2025-09-05,Meta Ads,Brand,IN,192.31,36934,459,15.0,871.87,1.24,0.42,4.53,32.9
CMP-8201,2025-09-05,Meta Ads,Brand,IN,159.1,26736,302,6.0,359.44,1.13,0.53,2.26,71.6
CMP-4619,2025-09-06,Google Search,Retargeting,IN,615.16,10469,813,94.0,12019.18,7.77,0.76,19.54,
CMP-2445,2025-09-06,Email,Retargeting,IN,50.26,4013,200,16.0,1683.26,4.98,0.25,33.49,
CMP-4194,2025-09-06,LinkedIn Ads,Prospecting,UK,162.2,5018,26,1.0,215.27,0.52,6.24,1.33,51.4
CMP-7375,2025-09-06,Display,Brand,DE,228.36,66865,105,,,0.16,2.17,,65.9
CMP-9409,2025-09-06,Google Search,Promo,US,,9884,459,30.0,3770.98,4.64,,,34.6
CMP-2799,2025-09-06,Email,Prospecting,IN,19.99,1181,40,,,3.39,0.5,,56.5
CMP-8194,2025-09-07,Email,Brand,BR,55.88,4501,127,6.0,545.88,2.82,0.44,9.77,63.1
CMP-6274,2025-09-07,Email,Prospecting,US,,2683,86,2.0,113.44,3.21,,,44.7
CMP-6704,2025-09-07,Meta Ads,Prospecting,US,,20937,266,3.0,271.28,1.27,,,53.0
CMP-2766,2025-09-07,Display,Brand,US,96.57,24813,42,0.0,0.0,0.17,2.3,0.0,74.8
CMP-6704,2025-09-08,Meta Ads,Prospecting,US,270.31,31390,400,10.0,840.49,1.27,0.68,3.11,32.6
CMP-5929,2025-09-08,Meta Ads,Prospecting,DE,159.41,15668,173,,,1.1,0.92,,45.5
CMP-2258,2025-09-08,Meta Ads,Promo,BR,718.15,66151,820,17.0,1489.38,1.24,0.88,2.07,43.3
CMP-5342,2025-09-08,TikTok Ads,Retargeting,BR,210.23,29891,519,11.0,493.3,1.74,0.41,2.35,35.2
CMP-7817,2025-09-08,Google Search,Retargeting,UK,691.38,10168,840,106.0,13087.02,8.26,0.82,18.93,23.6
CMP-5185,2025-09-08,TikTok Ads,Retargeting,US,132.12,17177,254,12.0,735.84,1.48,0.52,5.57,41.4
CMP-1785,2025-09-09,Email,Retargeting,DE,43.59,3560,170,14.0,1859.25,4.78,0.26,42.65,42.0
CMP-5997,2025-09-09,Email,Prospecting,UK,69.45,5248,147,9.0,826.55,2.8,0.47,11.9,
CMP-7984,2025-09-10,TikTok Ads,Brand,US,279.33,62178,583,,,0.94,0.48,,34.3
CMP-4274,2025-09-10,LinkedIn Ads,Retargeting,BR,68.5,1357,12,0.0,0.0,0.88,5.71,0.0,52.3
CMP-2766,2025-09-10,Display,Brand,US,266.18,76637,112,,,0.15,2.38,,
CMP-4080,2025-09-10,LinkedIn Ads,Promo,IN,402.27,10483,69,2.0,592.64,0.66,5.83,1.47,59.8
CMP-9409,2025-09-11,Google Search,Promo,US,1650.32,21228,970,61.0,7038.0,4.57,1.7,4.26,44.4
CMP-9642,2025-09-11,LinkedIn Ads,Retargeting,IN,56.93,1545,22,3.0,1000.87,1.42,2.59,17.58,64.3
CMP-5834,2025-09-11,Email,Promo,BR,73.47,6748,177,8.0,644.13,2.62,0.42,8.77,
CMP-3840,2025-09-12,LinkedIn Ads,Retargeting,UK,932.03,20927,267,,,1.28,3.49,,29.4
CMP-2766,2025-09-12,Display,Brand,US,100.55,27390,46,1.0,213.18,0.17,2.19,2.12,63.6
CMP-5929,2025-09-12,Meta Ads,Prospecting,DE,406.12,52929,572,15.0,1444.54,1.08,0.71,3.56,32.7
CMP-3795,2025-09-12,Display,Prospecting,US,485.32,126396,202,6.0,719.81,0.16,2.4,1.48,25.4
CMP-1785,2025-09-13,Email,Retargeting,DE,47.3,2865,147,,,5.13,0.32,,45.2
CMP-6957,2025-09-13,Google Search,Promo,UK,,6932,305,15.0,1329.35,4.4,,,68.9
CMP-4124,2025-09-13,Meta Ads,Prospecting,UK,486.54,47171,571,,,1.21,0.85,,65.8
CMP-9240,2025-09-13,TikTok Ads,Promo,US,431.07,73046,685,,,0.94,0.63,,
CMP-6321,2025-09-13,Meta Ads,Brand,BR,452.06,30097,383,12.0,1138.9,1.27,1.18,2.52,
CMP-7984,2025-09-14,TikTok Ads,Brand,US,120.76,26963,248,,,0.92,0.49,,50.7
CMP-8201,2025-09-14,Meta Ads,Brand,IN,374.43,44717,536,19.0,1525.9,1.2,0.7,4.08,50.5
CMP-4124,2025-09-15,Meta Ads,Prospecting,UK,505.39,64327,722,21.0,1617.73,1.12,0.7,3.2,70.8
CMP-5539,2025-09-15,TikTok Ads,Prospecting,US,195.15,26679,249,2.0,70.34,0.93,0.78,0.36,43.6
CMP-5185,2025-09-15,TikTok Ads,Retargeting,US,606.92,131042,2021,,,1.54,0.3,,27.3
CMP-7613,2025-09-15,Meta Ads,Promo,US,740.54,96134,1114,27.0,2220.21,1.16,0.66,3.0,32.7
CMP-6838,2025-09-15,Meta Ads,Promo,DE,748.54,73716,913,33.0,2550.45,1.24,0.82,3.41,47.2
CMP-6704,2025-09-15,Meta Ads,Prospecting,US,304.95,32378,417,10.0,1090.79,1.29,0.73,3.58,54.7
CMP-4885,2025-09-15,Google Search,Retargeting,US,174.57,2681,229,30.0,3832.53,8.54,0.76,21.95,48.8
CMP-6646,2025-09-15,LinkedIn Ads,Prospecting,US,283.8,7719,39,2.0,945.67,0.51,7.28,3.33,49.6
CMP-1266,2025-09-15,Display,Retargeting,US,103.11,22597,54,,,0.24,1.91,,28.3
CMP-1936,2025-09-16,TikTok Ads,Prospecting,IN,69.15,10314,89,1.0,35.1,0.86,0.78,0.51,36.5
CMP-5539,2025-09-16,TikTok Ads,Prospecting,US,373.1,79742,704,12.0,675.57,0.88,0.53,1.81,58.6
CMP-2766,2025-09-16,Display,Brand,US,63.43,18086,29,,,0.16,2.19,,48.4
CMP-4885,2025-09-16,Google Search,Retargeting,US,421.52,3995,337,41.0,5256.93,8.44,1.25,12.47,49.1
CMP-3795,2025-09-16,Display,Prospecting,US,232.01,59755,88,,,0.15,2.64,,67.8
CMP-5997,2025-09-17,Email,Prospecting,UK,26.24,1873,56,2.0,226.38,2.99,0.47,8.63,
CMP-3386,2025-09-17,Google Search,Brand,US,211.49,3684,149,9.0,996.95,4.04,1.42,4.71,55.7
CMP-7712,2025-09-17,LinkedIn Ads,Promo,BR,684.66,18047,93,6.0,3076.74,0.52,7.36,4.49,32.5
CMP-7017,2025-09-18,Display,Prospecting,IN,230.29,85735,120,3.0,275.95,0.14,1.92,1.2,64.2
CMP-1936,2025-09-18,TikTok Ads,Prospecting,IN,166.01,32289,291,5.0,216.81,0.9,0.57,1.31,72.8
CMP-1623,2025-09-18,Google Search,Prospecting,US,853.0,14357,641,50.0,6248.12,4.46,1.33,7.32,44.1
CMP-7613,2025-09-18,Meta Ads,Promo,US,911.55,131574,1587,40.0,3024.68,1.21,0.57,3.32,70.0
CMP-6791,2025-09-18,Display,Retargeting,IN,102.13,28665,83,3.0,343.21,0.29,1.23,3.36,31.3
CMP-3795,2025-09-19,Display,Prospecting,US,90.77,23965,32,0.0,0.0,0.13,2.84,0.0,41.2
CMP-9926,2025-09-19,Meta Ads,Prospecting,IN,242.63,27610,348,13.0,1199.96,1.26,0.7,4.95,73.2
CMP-4124,2025-09-19,Meta Ads,Prospecting,UK,219.47,26390,332,,,1.26,0.66,,58.2
CMP-6003,2025-09-19,Display,Retargeting,DE,388.31,80541,226,,,0.28,1.72,,53.6
CMP-5185,2025-09-20,TikTok Ads,Retargeting,US,,18918,300,,,1.59,,,41.3
CMP-5262,2025-09-21,TikTok Ads,Prospecting,UK,202.64,39224,380,8.0,264.94,0.97,0.53,1.31,
CMP-3171,2025-09-21,LinkedIn Ads,Prospecting,IN,419.25,10950,69,1.0,295.23,0.63,6.08,0.7,60.3
CMP-1623,2025-09-21,Google Search,Prospecting,US,1667.77,25218,1160,56.0,7333.92,4.6,1.44,4.4,45.7
CMP-7817,2025-09-22,Google Search,Retargeting,UK,,12495,1082,144.0,17208.89,8.66,,,34.9
CMP-9435,2025-09-22,Display,Promo,BR,116.35,39085,49,1.0,162.44,0.13,2.37,1.4,40.2
CMP-1879,2025-09-23,Google Search,Promo,BR,488.58,5557,226,16.0,2881.63,4.07,2.16,5.9,68.3
CMP-9700,2025-09-23,Meta Ads,Retargeting,IN,374.48,47254,1072,57.0,4533.72,2.27,0.35,12.11,43.2
CMP-2202,2025-09-23,Email,Promo,IN,124.26,9271,262,7.0,580.83,2.83,0.47,4.67,
CMP-1266,2025-09-23,Display,Retargeting,US,118.66,37331,103,8.0,768.07,0.28,1.15,6.47,26.7
CMP-5805,2025-09-23,Email,Promo,US,61.91,6072,148,6.0,544.92,2.44,0.42,8.8,38.8
CMP-3831,2025-09-23,Google Search,Retargeting,DE,1694.69,13310,1059,141.0,17906.01,7.96,1.6,10.57,67.3
CMP-4080,2025-09-24,LinkedIn Ads,Promo,IN,275.63,7074,33,1.0,331.98,0.47,8.35,1.2,31.0
CMP-1649,2025-09-24,Display,Prospecting,BR,396.96,98089,160,,,0.16,2.48,,
CMP-7817,2025-09-24,Google Search,Retargeting,UK,185.72,3070,265,38.0,4227.73,8.63,0.7,22.76,38.0
CMP-4509,2025-09-24,TikTok Ads,Brand,IN,580.94,123145,1156,19.0,884.26,0.94,0.5,1.52,56.9
CMP-2149,2025-09-25,TikTok Ads,Promo,IN,288.88,44092,424,7.0,274.12,0.96,0.68,0.95,43.4
CMP-7613,2025-09-25,Meta Ads,Promo,US,167.17,23992,287,7.0,484.33,1.2,0.58,2.9,56.5
CMP-9278,2025-09-25,Display,Promo,US,256.39,90206,123,1.0,78.84,0.14,2.08,0.31,51.7
CMP-9278,2025-09-25,Display,Promo,US,197.19,71511,98,1.0,106.44,0.14,2.01,0.54,44.3
CMP-5015,2025-09-26,Display,Promo,DE,63.97,17462,35,,,0.2,1.83,,70.6
CMP-5805,2025-09-26,Email,Promo,US,79.67,6891,210,8.0,761.45,3.05,0.38,9.56,50.2
CMP-6048,2025-09-26,Email,Retargeting,US,16.86,1568,74,6.0,423.89,4.72,0.23,25.14,33.1
CMP-7613,2025-09-26,Meta Ads,Promo,US,682.35,73139,857,22.0,1678.38,1.17,0.8,2.46,
CMP-4509,2025-09-27,TikTok Ads,Brand,IN,269.1,45713,417,11.0,517.62,0.91,0.65,1.92,61.8
CMP-9409,2025-09-27,Google Search,Promo,US,123.58,1324,63,,,4.76,1.96,,62.1
CMP-7413,2025-09-27,Meta Ads,Brand,DE,475.99,37005,439,6.0,578.84,1.19,1.08,1.22,53.0
CMP-1266,2025-09-27,Display,Retargeting,US,,71043,192,7.0,630.11,0.27,,,32.7
CMP-1623,2025-09-27,Google Search,Prospecting,US,697.57,7675,369,22.0,2631.88,4.81,1.89,3.77,23.9
CMP-1623,2025-09-27,Google Search,Prospecting,US,241.86,2783,113,8.0,1309.11,4.06,2.14,5.41,43.5
CMP-9409,2025-09-28,Google Search,Promo,US,687.61,9186,412,32.0,3699.25,4.49,1.67,5.38,53.9
CMP-2775,2025-09-28,LinkedIn Ads,Brand,BR,290.19,7002,39,2.0,605.02,0.56,7.44,2.08,53.6
CMP-1368,2025-09-28,Google Search,Brand,BR,339.11,4010,205,10.0,1190.61,5.11,1.65,3.51,40.1
CMP-2341,2025-09-28,LinkedIn Ads,Brand,UK,251.34,6952,46,2.0,883.93,0.66,5.46,3.52,74.1
CMP-5268,2025-09-29,Google Search,Prospecting,BR,,10767,491,24.0,2944.32,4.56,,,57.9
CMP-4124,2025-09-29,Meta Ads,Prospecting,UK,153.47,20377,243,5.0,380.52,1.19,0.63,2.48,48.7
CMP-3631,2025-09-29,Google Search,Promo,IN,1285.8,9939,408,24.0,3240.95,4.11,3.15,2.52,53.3
CMP-4194,2025-09-29,LinkedIn Ads,Prospecting,UK,539.41,15723,85,3.0,1139.42,0.54,6.35,2.11,57.7
CMP-1623,2025-09-29,Google Search,Prospecting,US,532.24,9495,424,25.0,3306.93,4.47,1.26,6.21,69.5
CMP-4885,2025-09-29,Google Search,Retargeting,US,1154.28,14532,1197,169.0,19949.06,8.24,0.96,17.28,
CMP-5185,2025-09-29,TikTok Ads,Retargeting,US,,135528,2193,54.0,3052.37,1.62,,,48.3
CMP-1215,2025-09-29,Display,Prospecting,UK,396.35,82589,135,3.0,323.53,0.16,2.94,0.82,69.8
